platform,metric,local_hour,density,n_phases,kappa,min_phases
BR1,PC1,0.0,0.04602336682869999,106,4.0,20
BR1,PC1,0.1,0.04614109729181061,106,4.0,20
BR1,PC1,0.2,0.04626449729024907,106,4.0,20
BR1,PC1,0.30000000000000004,0.0463929229961207,106,4.0,20
BR1,PC1,0.4,0.04652574739950705,106,4.0,20
BR1,PC1,0.5,0.046662366024182174,106,4.0,20
BR1,PC1,0.6000000000000001,0.046802200914034926,106,4.0,20
BR1,PC1,0.7000000000000001,0.04694470276695894,106,4.0,20
BR1,PC1,0.8,0.04708935115680328,106,4.0,20
BR1,PC1,0.9,0.04723565285272292,106,4.0,20
BR1,PC1,1.0,0.0473831383164355,106,4.0,20
BR1,PC1,1.1,0.047531356528748486,106,4.0,20
BR1,PC1,1.2000000000000002,0.04767986836442085,106,4.0,20
BR1,PC1,1.3,0.04782823879611061,106,4.0,20
BR1,PC1,1.4000000000000001,0.04797602826110707,106,4.0,20
BR1,PC1,1.5,0.048122783566271934,106,4.0,20
BR1,PC1,1.6,0.04826802873500556,106,4.0,20
BR1,PC1,1.7000000000000002,0.04841125621347739,106,4.0,20
BR1,PC1,1.8,0.0485519188507451,106,4.0,20
BR1,PC1,1.9000000000000001,0.048689423048301976,106,4.0,20
BR1,PC1,2.0,0.048823123439284154,106,4.0,20
BR1,PC1,2.1,0.04895231940697544,106,4.0,20
BR1,PC1,2.2,0.04907625368798434,106,4.0,20
BR1,PC1,2.3000000000000003,0.049194113229777466,106,4.0,20
BR1,PC1,2.4000000000000004,0.0493050323879313,106,4.0,20
BR1,PC1,2.5,0.049408098458754685,106,4.0,20
BR1,PC1,2.6,0.049502359451399615,106,4.0,20
BR1,PC1,2.7,0.04958683391396129,106,4.0,20
BR1,PC1,2.8000000000000003,0.04966052254412741,106,4.0,20
BR1,PC1,2.9000000000000004,0.04972242124028852,106,4.0,20
BR1,PC1,3.0,0.04977153518697638,106,4.0,20
BR1,PC1,3.1,0.04980689352190981,106,4.0,20
BR1,PC1,3.2,0.04982756410305779,106,4.0,20
BR1,PC1,3.3000000000000003,0.049832667884527795,106,4.0,20
BR1,PC1,3.4000000000000004,0.04982139242051439,106,4.0,20
BR1,PC1,3.5,0.049793004046903885,106,4.0,20
BR1,PC1,3.6,0.049746858339477194,106,4.0,20
BR1,PC1,3.7,0.049682408514179065,106,4.0,20
BR1,PC1,3.8000000000000003,0.049599211516049686,106,4.0,20
BR1,PC1,3.9000000000000004,0.04949693163586877,106,4.0,20
BR1,PC1,4.0,0.04937534159351157,106,4.0,20
BR1,PC1,4.1000000000000005,0.04923432113022848,106,4.0,20
BR1,PC1,4.2,0.04907385325407929,106,4.0,20
BR1,PC1,4.3,0.04889401837910266,106,4.0,20
BR1,PC1,4.4,0.04869498668517435,106,4.0,20
BR1,PC1,4.5,0.04847700909797475,106,4.0,20
BR1,PC1,4.6000000000000005,0.04824040734367467,106,4.0,20
BR1,PC1,4.7,0.04798556356820803,106,4.0,20
BR1,PC1,4.800000000000001,0.047712910024538084,106,4.0,20
BR1,PC1,4.9,0.047422919322300215,106,4.0,20
BR1,PC1,5.0,0.04711609570278381,106,4.0,20
BR1,PC1,5.1000000000000005,0.046792967749583136,106,4.0,20
BR1,PC1,5.2,0.046454082873557345,106,4.0,20
BR1,PC1,5.300000000000001,0.04610000382303926,106,4.0,20
BR1,PC1,5.4,0.04573130737032789,106,4.0,20
BR1,PC1,5.5,0.04534858521778587,106,4.0,20
BR1,PC1,5.6000000000000005,0.044952447056131835,106,4.0,20
BR1,PC1,5.7,0.044543525598734736,106,4.0,20
BR1,PC1,5.800000000000001,0.04412248331379321,106,4.0,20
BR1,PC1,5.9,0.04369002048584924,106,4.0,20
BR1,PC1,6.0,0.04324688416326925,106,4.0,20
BR1,PC1,6.1000000000000005,0.04279387749256996,106,4.0,20
BR1,PC1,6.2,0.04233186890635254,106,4.0,20
BR1,PC1,6.300000000000001,0.04186180062075353,106,4.0,20
BR1,PC1,6.4,0.04138469591128847,106,4.0,20
BR1,PC1,6.5,0.04090166467225492,106,4.0,20
BR1,PC1,6.6000000000000005,0.040413906822930036,106,4.0,20
BR1,PC1,6.7,0.039922713201140436,106,4.0,20
BR1,PC1,6.800000000000001,0.03942946367805359,106,4.0,20
BR1,PC1,6.9,0.038935622333218206,106,4.0,20
BR1,PC1,7.0,0.03844272964146027,106,4.0,20
BR1,PC1,7.1000000000000005,0.0379523917384451,106,4.0,20
BR1,PC1,7.2,0.03746626694471466,106,4.0,20
BR1,PC1,7.300000000000001,0.036986049834149125,106,4.0,20
BR1,PC1,7.4,0.03651345322780242,106,4.0,20
BR1,PC1,7.5,0.03605018857420656,106,4.0,20
BR1,PC1,7.6000000000000005,0.03559794523952832,106,4.0,20
BR1,PC1,7.7,0.03515836927322029,106,4.0,20
BR1,PC1,7.800000000000001,0.0347330422357675,106,4.0,20
BR1,PC1,7.9,0.03432346067444582,106,4.0,20
BR1,PC1,8.0,0.033931016811248466,106,4.0,20
BR1,PC1,8.1,0.03355698096571867,106,4.0,20
BR1,PC1,8.200000000000001,0.03320248617652307,106,4.0,20
BR1,PC1,8.3,0.03286851541200693,106,4.0,20
BR1,PC1,8.4,0.032555891674961875,106,4.0,20
BR1,PC1,8.5,0.03226527121398746,106,4.0,20
BR1,PC1,8.6,0.03199713995685843,106,4.0,20
BR1,PC1,8.700000000000001,0.03175181318390558,106,4.0,20
BR1,PC1,8.8,0.03152943836508119,106,4.0,20
BR1,PC1,8.9,0.031330000996285856,106,4.0,20
BR1,PC1,9.0,0.0311533331914218,106,4.0,20
BR1,PC1,9.1,0.03099912471872406,106,4.0,20
BR1,PC1,9.200000000000001,0.03086693611484912,106,4.0,20
BR1,PC1,9.3,0.03075621346900966,106,4.0,20
BR1,PC1,9.4,0.0306663044425878,106,4.0,20
BR1,PC1,9.5,0.030596475077030675,106,4.0,20
BR1,PC1,9.600000000000001,0.030545926943827083,106,4.0,20
BR1,PC1,9.700000000000001,0.030513814203954173,106,4.0,20
BR1,PC1,9.8,0.030499260169006854,106,4.0,20
BR1,PC1,9.9,0.03050137299067497,106,4.0,20
BR1,PC1,10.0,0.030519260147567184,106,4.0,20
BR1,PC1,10.100000000000001,0.030552041446789885,106,4.0,20
BR1,PC1,10.200000000000001,0.03059886031039546,106,4.0,20
BR1,PC1,10.3,0.030658893172127777,106,4.0,20
BR1,PC1,10.4,0.030731356866269283,106,4.0,20
BR1,PC1,10.5,0.030815513946463126,106,4.0,20
BR1,PC1,10.600000000000001,0.030910675926971,106,4.0,20
BR1,PC1,10.700000000000001,0.03101620449095109,106,4.0,20
BR1,PC1,10.8,0.031131510759200166,106,4.0,20
BR1,PC1,10.9,0.03125605275775872,106,4.0,20
BR1,PC1,11.0,0.03138933126331287,106,4.0,20
BR1,PC1,11.100000000000001,0.03153088424102092,106,4.0,20
BR1,PC1,11.200000000000001,0.03168028011988744,106,4.0,20
BR1,PC1,11.3,0.03183711017577599,106,4.0,20
BR1,PC1,11.4,0.03200098031127985,106,4.0,20
BR1,PC1,11.5,0.03217150253464421,106,4.0,20
BR1,PC1,11.600000000000001,0.03234828644644327,106,4.0,20
BR1,PC1,11.700000000000001,0.032530931042460375,106,4.0,20
BR1,PC1,11.8,0.032719017133937205,106,4.0,20
BR1,PC1,11.9,0.03291210067185105,106,4.0,20
BR1,PC1,12.0,0.03310970724005229,106,4.0,20
BR1,PC1,12.100000000000001,0.03331132795299944,106,4.0,20
BR1,PC1,12.200000000000001,0.033516416957697234,106,4.0,20
BR1,PC1,12.3,0.03372439069672833,106,4.0,20
BR1,PC1,12.4,0.03393462904066452,106,4.0,20
BR1,PC1,12.5,0.034146478344607475,106,4.0,20
BR1,PC1,12.600000000000001,0.03435925642635549,106,4.0,20
BR1,PC1,12.700000000000001,0.03457225940418341,106,4.0,20
BR1,PC1,12.8,0.03478477027212871,106,4.0,20
BR1,PC1,12.9,0.03499606903183636,106,4.0,20
BR1,PC1,13.0,0.03520544414436297,106,4.0,20
BR1,PC1,13.100000000000001,0.035412205014842,106,4.0,20
BR1,PC1,13.200000000000001,0.03561569517947037,106,4.0,20
BR1,PC1,13.3,0.035815305829654046,106,4.0,20
BR1,PC1,13.4,0.03601048928387582,106,4.0,20
BR1,PC1,13.5,0.03620077200514203,106,4.0,20
BR1,PC1,13.600000000000001,0.03638576676156491,106,4.0,20
BR1,PC1,13.700000000000001,0.03656518354014644,106,4.0,20
BR1,PC1,13.8,0.03673883884908544,106,4.0,20
BR1,PC1,13.9,0.036906663081375524,106,4.0,20
BR1,PC1,14.0,0.03706870566107657,106,4.0,20
BR1,PC1,14.100000000000001,0.03722513775194968,106,4.0,20
BR1,PC1,14.200000000000001,0.03737625237428346,106,4.0,20
BR1,PC1,14.3,0.037522461847522226,106,4.0,20
BR1,PC1,14.4,0.037664292551319034,106,4.0,20
BR1,PC1,14.5,0.037802377073325386,106,4.0,20
BR1,PC1,14.600000000000001,0.037937443885821195,106,4.0,20
BR1,PC1,14.700000000000001,0.038070304762680106,106,4.0,20
BR1,PC1,14.8,0.03820184021084083,106,4.0,20
BR1,PC1,14.9,0.0383329832443683,106,4.0,20
BR1,PC1,15.0,0.03846470187264937,106,4.0,20
BR1,PC1,15.100000000000001,0.03859798070599665,106,4.0,20
BR1,PC1,15.200000000000001,0.03873380210111484,106,4.0,20
BR1,PC1,15.3,0.03887312727517189,106,4.0,20
BR1,PC1,15.4,0.03901687781075065,106,4.0,20
BR1,PC1,15.5,0.03916591795532895,106,4.0,20
BR1,PC1,15.600000000000001,0.03932103808915716,106,4.0,20
BR1,PC1,15.700000000000001,0.0394829396958459,106,4.0,20
BR1,PC1,15.8,0.03965222212230895,106,4.0,20
BR1,PC1,15.9,0.03982937136080829,106,4.0,20
BR1,PC1,16.0,0.04001475102773934,106,4.0,20
BR1,PC1,16.1,0.04020859565353705,106,4.0,20
BR1,PC1,16.2,0.04041100633771906,106,4.0,20
BR1,PC1,16.3,0.04062194876453763,106,4.0,20
BR1,PC1,16.400000000000002,0.04084125351974873,106,4.0,20
BR1,PC1,16.5,0.04106861859915567,106,4.0,20
BR1,PC1,16.6,0.04130361395610441,106,4.0,20
BR1,PC1,16.7,0.04154568789895575,106,4.0,20
BR1,PC1,16.8,0.04179417512137386,106,4.0,20
BR1,PC1,16.900000000000002,0.04204830612836381,106,4.0,20
BR1,PC1,17.0,0.042307217809359456,106,4.0,20
BR1,PC1,17.1,0.04256996490601185,106,4.0,20
BR1,PC1,17.2,0.042835532126087254,106,4.0,20
BR1,PC1,17.3,0.04310284666526307,106,4.0,20
BR1,PC1,17.400000000000002,0.04337079091462887,106,4.0,20
BR1,PC1,17.5,0.04363821515224568,106,4.0,20
BR1,PC1,17.6,0.04390395004099446,106,4.0,20
BR1,PC1,17.7,0.04416681878092753,106,4.0,20
BR1,PC1,17.8,0.04442564879122036,106,4.0,20
BR1,PC1,17.900000000000002,0.04467928282347068,106,4.0,20
BR1,PC1,18.0,0.04492658943348621,106,4.0,20
BR1,PC1,18.1,0.04516647276196776,106,4.0,20
BR1,PC1,18.2,0.04539788159493898,106,4.0,20
BR1,PC1,18.3,0.045619817691901335,106,4.0,20
BR1,PC1,18.400000000000002,0.0458313433832105,106,4.0,20
BR1,PC1,18.5,0.04603158844800093,106,4.0,20
BR1,PC1,18.6,0.04621975629023466,106,4.0,20
BR1,PC1,18.7,0.046395129433409926,106,4.0,20
BR1,PC1,18.8,0.04655707435456722,106,4.0,20
BR1,PC1,18.900000000000002,0.04670504567601964,106,4.0,20
BR1,PC1,19.0,0.046838589729330846,106,4.0,20
BR1,PC1,19.1,0.046957347501114875,106,4.0,20
BR1,PC1,19.200000000000003,0.04706105696487814,106,4.0,20
BR1,PC1,19.3,0.04714955479795648,106,4.0,20
BR1,PC1,19.400000000000002,0.04722277747812883,106,4.0,20
BR1,PC1,19.5,0.04728076175111881,106,4.0,20
BR1,PC1,19.6,0.04732364445820602,106,4.0,20
BR1,PC1,19.700000000000003,0.047351661712708805,106,4.0,20
BR1,PC1,19.8,0.047365147415190906,106,4.0,20
BR1,PC1,19.900000000000002,0.047364531099786014,106,4.0,20
BR1,PC1,20.0,0.04735033510783595,106,4.0,20
BR1,PC1,20.1,0.047323171089830335,106,4.0,20
BR1,PC1,20.200000000000003,0.04728373584211504,106,4.0,20
BR1,PC1,20.3,0.04723280649068726,106,4.0,20
BR1,PC1,20.400000000000002,0.04717123504032503,106,4.0,20
BR1,PC1,20.5,0.04709994231306938,106,4.0,20
BR1,PC1,20.6,0.0470199113055144,106,4.0,20
BR1,PC1,20.700000000000003,0.046932179999388306,106,4.0,20
BR1,PC1,20.8,0.046837833664530495,106,4.0,20
BR1,PC1,20.900000000000002,0.046737996697684435,106,4.0,20
BR1,PC1,21.0,0.04663382404470469,106,4.0,20
BR1,PC1,21.1,0.04652649225804046,106,4.0,20
BR1,PC1,21.200000000000003,0.046417190245954164,106,4.0,20
BR1,PC1,21.3,0.046307109775104056,106,4.0,20
BR1,PC1,21.400000000000002,0.04619743579406062,106,4.0,20
BR1,PC1,21.5,0.04608933665216172,106,4.0,20
BR1,PC1,21.6,0.045983954295865145,106,4.0,20
BR1,PC1,21.700000000000003,0.04588239453332115,106,4.0,20
BR1,PC1,21.8,0.04578571746702273,106,4.0,20
BR1,PC1,21.900000000000002,0.0456949282037095,106,4.0,20
BR1,PC1,22.0,0.04561096795968338,106,4.0,20
BR1,PC1,22.1,0.04553470568770116,106,4.0,20
BR1,PC1,22.200000000000003,0.04546693035791833,106,4.0,20
BR1,PC1,22.3,0.04540834402919302,106,4.0,20
BR1,PC1,22.400000000000002,0.045359555847644166,106,4.0,20
BR1,PC1,22.5,0.04532107710596086,106,4.0,20
BR1,PC1,22.6,0.045293317488951094,106,4.0,20
BR1,PC1,22.700000000000003,0.04527658261771644,106,4.0,20
BR1,PC1,22.8,0.04527107298636233,106,4.0,20
BR1,PC1,22.900000000000002,0.04527688436125584,106,4.0,20
BR1,PC1,23.0,0.045294009683747576,106,4.0,20
BR1,PC1,23.1,0.04532234248348407,106,4.0,20
BR1,PC1,23.200000000000003,0.045361681771752024,106,4.0,20
BR1,PC1,23.3,0.045411738343779,106,4.0,20
BR1,PC1,23.400000000000002,0.045472142376891386,106,4.0,20
BR1,PC1,23.5,0.0455424521694227,106,4.0,20
BR1,PC1,23.6,0.04562216382494898,106,4.0,20
BR1,PC1,23.700000000000003,0.04571072164956465,106,4.0,20
BR1,PC1,23.8,0.04580752899826475,106,4.0,20
BR1,PC1,23.900000000000002,0.0459119592817552,106,4.0,20
BR1,PC2,0.0,0.07433396857665213,55,4.0,20
BR1,PC2,0.1,0.07387082963101783,55,4.0,20
BR1,PC2,0.2,0.07339444179049974,55,4.0,20
BR1,PC2,0.30000000000000004,0.07290521840107946,55,4.0,20
BR1,PC2,0.4,0.07240363383422976,55,4.0,20
BR1,PC2,0.5,0.07189022484853194,55,4.0,20
BR1,PC2,0.6000000000000001,0.07136558842127606,55,4.0,20
BR1,PC2,0.7000000000000001,0.07083037630138138,55,4.0,20
BR1,PC2,0.8,0.07028528664760618,55,4.0,20
BR1,PC2,0.9,0.06973105321107308,55,4.0,20
BR1,PC2,1.0,0.06916843259547865,55,4.0,20
BR1,PC2,1.1,0.06859819017969254,55,4.0,20
BR1,PC2,1.2000000000000002,0.0680210853144269,55,4.0,20
BR1,PC2,1.3,0.06743785640689641,55,4.0,20
BR1,PC2,1.4000000000000001,0.06684920648549775,55,4.0,20
BR1,PC2,1.5,0.06625578979207361,55,4.0,20
BR1,PC2,1.6,0.06565819988472384,55,4.0,20
BR1,PC2,1.7000000000000002,0.06505695965258991,55,4.0,20
BR1,PC2,1.8,0.06445251354940361,55,4.0,20
BR1,PC2,1.9000000000000001,0.06384522224916205,55,4.0,20
BR1,PC2,2.0,0.06323535981965457,55,4.0,20
BR1,PC2,2.1,0.06262311340240263,55,4.0,20
BR1,PC2,2.2,0.06200858528544983,55,4.0,20
BR1,PC2,2.3000000000000003,0.06139179716262797,55,4.0,20
BR1,PC2,2.4000000000000004,0.06077269629321621,55,4.0,20
BR1,PC2,2.5,0.06015116321245767,55,4.0,20
BR1,PC2,2.6,0.05952702059858808,55,4.0,20
BR1,PC2,2.7,0.058900042877384914,55,4.0,20
BR1,PC2,2.8000000000000003,0.05826996614136066,55,4.0,20
BR1,PC2,2.9000000000000004,0.057636497977257936,55,4.0,20
BR1,PC2,3.0,0.05699932683119251,55,4.0,20
BR1,PC2,3.1,0.05635813059351534,55,4.0,20
BR1,PC2,3.2,0.055712584152349726,55,4.0,20
BR1,PC2,3.3000000000000003,0.055062365742309924,55,4.0,20
BR1,PC2,3.4000000000000004,0.054407161999163456,55,4.0,20
BR1,PC2,3.5,0.0537466717179223,55,4.0,20
BR1,PC2,3.6,0.053080608396713094,55,4.0,20
BR1,PC2,3.7,0.052408701727563754,55,4.0,20
BR1,PC2,3.8000000000000003,0.05173069826403709,55,4.0,20
BR1,PC2,3.9000000000000004,0.05104636155099727,55,4.0,20
BR1,PC2,4.0,0.05035547204090448,55,4.0,20
BR1,PC2,4.1000000000000005,0.04965782714184559,55,4.0,20
BR1,PC2,4.2,0.04895324174382335,55,4.0,20
BR1,PC2,4.3,0.0482415495513542,55,4.0,20
BR1,PC2,4.4,0.04752260551279107,55,4.0,20
BR1,PC2,4.5,0.04679628958151087,55,4.0,20
BR1,PC2,4.6000000000000005,0.04606251197353836,55,4.0,20
BR1,PC2,4.7,0.0453212200033814,55,4.0,20
BR1,PC2,4.800000000000001,0.0445724064884867,55,4.0,20
BR1,PC2,4.9,0.0438161196168649,55,4.0,20
BR1,PC2,5.0,0.04305247407640885,55,4.0,20
BR1,PC2,5.1000000000000005,0.042281663152611594,55,4.0,20
BR1,PC2,5.2,0.04150397141802977,55,4.0,20
BR1,PC2,5.300000000000001,0.04071978756584546,55,4.0,20
BR1,PC2,5.4,0.03992961688469025,55,4.0,20
BR1,PC2,5.5,0.039134092835290644,55,4.0,20
BR1,PC2,5.6000000000000005,0.03833398717351113,55,4.0,20
BR1,PC2,5.7,0.03753021807019554,55,4.0,20
BR1,PC2,5.800000000000001,0.03672385570614293,55,4.0,20
BR1,PC2,5.9,0.035916124870005436,55,4.0,20
BR1,PC2,6.0,0.035108404156399715,55,4.0,20
BR1,PC2,6.1000000000000005,0.034302221448822875,55,4.0,20
BR1,PC2,6.2,0.033499245474094615,55,4.0,20
BR1,PC2,6.300000000000001,0.03270127332847783,55,4.0,20
BR1,PC2,6.4,0.0319102139964021,55,4.0,20
BR1,PC2,6.5,0.03112806800660596,55,4.0,20
BR1,PC2,6.6000000000000005,0.030356903493214075,55,4.0,20
BR1,PC2,6.7,0.02959882904653355,55,4.0,20
BR1,PC2,6.800000000000001,0.028855963846188368,55,4.0,20
BR1,PC2,6.9,0.028130405663990492,55,4.0,20
BR1,PC2,7.0,0.027424197402553543,55,4.0,20
BR1,PC2,7.1000000000000005,0.02673929289558283,55,4.0,20
BR1,PC2,7.2,0.026077522735193138,55,4.0,20
BR1,PC2,7.300000000000001,0.025440560909408164,55,4.0,20
BR1,PC2,7.4,0.0248298930288137,55,4.0,20
BR1,PC2,7.5,0.02424678689552508,55,4.0,20
BR1,PC2,7.6000000000000005,0.02369226612122635,55,4.0,20
BR1,PC2,7.7,0.023167087435698584,55,4.0,20
BR1,PC2,7.800000000000001,0.022671722245173533,55,4.0,20
BR1,PC2,7.9,0.02220634290365859,55,4.0,20
BR1,PC2,8.0,0.021770814053049706,55,4.0,20
BR1,PC2,8.1,0.021364689272569636,55,4.0,20
BR1,PC2,8.200000000000001,0.0209872131581458,55,4.0,20
BR1,PC2,8.3,0.02063732883107907,55,4.0,20
BR1,PC2,8.4,0.020313690755964817,55,4.0,20
BR1,PC2,8.5,0.020014682633334488,55,4.0,20
BR1,PC2,8.6,0.019738440025649673,55,4.0,20
BR1,PC2,8.700000000000001,0.019482877278535943,55,4.0,20
BR1,PC2,8.8,0.019245718214548423,55,4.0,20
BR1,PC2,8.9,0.01902453000596243,55,4.0,20
BR1,PC2,9.0,0.018816759577305702,55,4.0,20
BR1,PC2,9.1,0.018619771848377605,55,4.0,20
BR1,PC2,9.200000000000001,0.01843088910470376,55,4.0,20
BR1,PC2,9.3,0.018247430774704972,55,4.0,20
BR1,PC2,9.4,0.0180667529008968,55,4.0,20
BR1,PC2,9.5,0.01788628661541385,55,4.0,20
BR1,PC2,9.600000000000001,0.017703574966998585,55,4.0,20
BR1,PC2,9.700000000000001,0.017516307495977986,55,4.0,20
BR1,PC2,9.8,0.017322352014125124,55,4.0,20
BR1,PC2,9.9,0.017119783115952067,55,4.0,20
BR1,PC2,10.0,0.016906907025067894,55,4.0,20
BR1,PC2,10.100000000000001,0.01668228246184361,55,4.0,20
BR1,PC2,10.200000000000001,0.016444737304802684,55,4.0,20
BR1,PC2,10.3,0.01619338090595143,55,4.0,20
BR1,PC2,10.4,0.015927612007767315,55,4.0,20
BR1,PC2,10.5,0.0156471222949401,55,4.0,20
BR1,PC2,10.600000000000001,0.015351895695478384,55,4.0,20
BR1,PC2,10.700000000000001,0.015042203621856022,55,4.0,20
BR1,PC2,10.8,0.014718596412039108,55,4.0,20
BR1,PC2,10.9,0.014381891291249968,55,4.0,20
BR1,PC2,11.0,0.014033157227136044,55,4.0,20
BR1,PC2,11.100000000000001,0.013673697092786184,55,4.0,20
BR1,PC2,11.200000000000001,0.013305027583177342,55,4.0,20
BR1,PC2,11.3,0.012928857350788053,55,4.0,20
BR1,PC2,11.4,0.012547063835181135,55,4.0,20
BR1,PC2,11.5,0.01216166925948929,55,4.0,20
BR1,PC2,11.600000000000001,0.011774816254335503,55,4.0,20
BR1,PC2,11.700000000000001,0.011388743547428474,55,4.0,20
BR1,PC2,11.8,0.011005762125758536,55,4.0,20
BR1,PC2,11.9,0.010628232238052853,55,4.0,20
BR1,PC2,12.0,0.010258541559179143,55,4.0,20
BR1,PC2,12.100000000000001,0.009899084786906587,55,4.0,20
BR1,PC2,12.200000000000001,0.009552244886344494,55,4.0,20
BR1,PC2,12.3,0.009220376140052536,55,4.0,20
BR1,PC2,12.4,0.008905789103850063,55,4.0,20
BR1,PC2,12.5,0.008610737511324702,55,4.0,20
BR1,PC2,12.600000000000001,0.008337407115476023,55,4.0,20
BR1,PC2,12.700000000000001,0.008087906405248604,55,4.0,20
BR1,PC2,12.8,0.007864259089195092,55,4.0,20
BR1,PC2,12.9,0.0076683981992762195,55,4.0,20
BR1,PC2,13.0,0.007502161635763818,55,4.0,20
BR1,PC2,13.100000000000001,0.007367288950054588,55,4.0,20
BR1,PC2,13.200000000000001,0.007265419146378007,55,4.0,20
BR1,PC2,13.3,0.007198089276093163,55,4.0,20
BR1,PC2,13.4,0.0071667335994669975,55,4.0,20
BR1,PC2,13.5,0.00717268309921129,55,4.0,20
BR1,PC2,13.600000000000001,0.007217165147089736,55,4.0,20
BR1,PC2,13.700000000000001,0.007301303148826991,55,4.0,20
BR1,PC2,13.8,0.007426116022392498,55,4.0,20
BR1,PC2,13.9,0.007592517399348447,55,4.0,20
BR1,PC2,14.0,0.007801314477051244,55,4.0,20
BR1,PC2,14.100000000000001,0.008053206489672395,55,4.0,20
BR1,PC2,14.200000000000001,0.008348782806774993,55,4.0,20
BR1,PC2,14.3,0.00868852070802739,55,4.0,20
BR1,PC2,14.4,0.00907278292004591,55,4.0,20
BR1,PC2,14.5,0.00950181503487501,55,4.0,20
BR1,PC2,14.600000000000001,0.009975742957878841,55,4.0,20
BR1,PC2,14.700000000000001,0.01049457055461754,55,4.0,20
BR1,PC2,14.8,0.01105817768059332,55,4.0,20
BR1,PC2,14.9,0.011666318783781755,55,4.0,20
BR1,PC2,15.0,0.012318622267092834,55,4.0,20
BR1,PC2,15.100000000000001,0.013014590786112666,55,4.0,20
BR1,PC2,15.200000000000001,0.013753602636764116,55,4.0,20
BR1,PC2,15.3,0.014534914358337906,55,4.0,20
BR1,PC2,15.4,0.015357664640466787,55,4.0,20
BR1,PC2,15.5,0.016220879579163294,55,4.0,20
BR1,PC2,15.600000000000001,0.017123479278439123,55,4.0,20
BR1,PC2,15.700000000000001,0.01806428574196689,55,4.0,20
BR1,PC2,15.8,0.01904203194565307,55,4.0,20
BR1,PC2,15.9,0.0200553719289354,55,4.0,20
BR1,PC2,16.0,0.021102891692264474,55,4.0,20
BR1,PC2,16.1,0.022183120642738648,55,4.0,20
BR1,PC2,16.2,0.023294543291321305,55,4.0,20
BR1,PC2,16.3,0.024435610875390115,55,4.0,20
BR1,PC2,16.400000000000002,0.025604752561209705,55,4.0,20
BR1,PC2,16.5,0.026800385873613747,55,4.0,20
BR1,PC2,16.6,0.02802092600565139,55,4.0,20
BR1,PC2,16.7,0.029264793679672812,55,4.0,20
BR1,PC2,16.8,0.03053042126329145,55,4.0,20
BR1,PC2,16.900000000000002,0.03181625688832818,55,4.0,20
BR1,PC2,17.0,0.03312076637721115,55,4.0,20
BR1,PC2,17.1,0.034442432847853165,55,4.0,20
BR1,PC2,17.2,0.035779753942831026,55,4.0,20
BR1,PC2,17.3,0.03713123670943487,55,4.0,20
BR1,PC2,17.400000000000002,0.038495390241239213,55,4.0,20
BR1,PC2,17.5,0.03987071627647175,55,4.0,20
BR1,PC2,17.6,0.041255698030708846,55,4.0,20
BR1,PC2,17.7,0.04264878761840276,55,4.0,20
BR1,PC2,17.8,0.044048392486641975,55,4.0,20
BR1,PC2,17.900000000000002,0.04545286134274734,55,4.0,20
BR1,PC2,18.0,0.04686047010250964,55,4.0,20
BR1,PC2,18.1,0.04826940841611687,55,4.0,20
BR1,PC2,18.2,0.04967776734260652,55,4.0,20
BR1,PC2,18.3,0.05108352873997985,55,4.0,20
BR1,PC2,18.400000000000002,0.05248455691642896,55,4.0,20
BR1,PC2,18.5,0.05387859304851568,55,4.0,20
BR1,PC2,18.6,0.05526325281517748,55,4.0,20
BR1,PC2,18.7,0.05663602762327275,55,4.0,20
BR1,PC2,18.8,0.05799428971265113,55,4.0,20
BR1,PC2,18.900000000000002,0.05933530132857324,55,4.0,20
BR1,PC2,19.0,0.060656228039257354,55,4.0,20
BR1,PC2,19.1,0.06195415615931817,55,4.0,20
BR1,PC2,19.200000000000003,0.06322611411909362,55,4.0,20
BR1,PC2,19.3,0.06446909749876636,55,4.0,20
BR1,PC2,19.400000000000002,0.06568009732832683,55,4.0,20
BR1,PC2,19.5,0.06685613114339438,55,4.0,20
BR1,PC2,19.6,0.06799427618623394,55,4.0,20
BR1,PC2,19.700000000000003,0.06909170405432896,55,4.0,20
BR1,PC2,19.8,0.0701457160286845,55,4.0,20
BR1,PC2,19.900000000000002,0.07115377826332347,55,4.0,20
BR1,PC2,20.0,0.07211355598842821,55,4.0,20
BR1,PC2,20.1,0.07302294587390877,55,4.0,20
BR1,PC2,20.200000000000003,0.07388010571883817,55,4.0,20
BR1,PC2,20.3,0.07468348067545494,55,4.0,20
BR1,PC2,20.400000000000002,0.07543182528381231,55,4.0,20
BR1,PC2,20.5,0.07612422068337155,55,4.0,20
BR1,PC2,20.6,0.07676008647885947,55,4.0,20
BR1,PC2,20.700000000000003,0.07733918686673973,55,4.0,20
BR1,PC2,20.8,0.0778616307722254,55,4.0,20
BR1,PC2,20.900000000000002,0.07832786590082555,55,4.0,20
BR1,PC2,21.0,0.07873866676845058,55,4.0,20
BR1,PC2,21.1,0.07909511693524297,55,4.0,20
BR1,PC2,21.200000000000003,0.07939858582553089,55,4.0,20
BR1,PC2,21.3,0.07965070066459543,55,4.0,20
BR1,PC2,21.400000000000002,0.07985331419746346,55,4.0,20
BR1,PC2,21.5,0.08000846897120024,55,4.0,20
BR1,PC2,21.6,0.08011835905622974,55,4.0,20
BR1,PC2,21.700000000000003,0.08018529015077816,55,4.0,20
BR1,PC2,21.8,0.08021163905316747,55,4.0,20
BR1,PC2,21.900000000000002,0.08019981349782923,55,4.0,20
BR1,PC2,22.0,0.08015221333201493,55,4.0,20
BR1,PC2,22.1,0.08007119396170985,55,4.0,20
BR1,PC2,22.200000000000003,0.07995903291869284,55,4.0,20
BR1,PC2,22.3,0.07981790029847464,55,4.0,20
BR1,PC2,22.400000000000002,0.07964983369434098,55,4.0,20
BR1,PC2,22.5,0.0794567181100365,55,4.0,20
BR1,PC2,22.6,0.07924027117751149,55,4.0,20
BR1,PC2,22.700000000000003,0.07900203384182757,55,4.0,20
BR1,PC2,22.8,0.07874336650827256,55,4.0,20
BR1,PC2,22.900000000000002,0.07846545048254427,55,4.0,20
BR1,PC2,23.0,0.07816929437897277,55,4.0,20
BR1,PC2,23.1,0.077855745029297,55,4.0,20
BR1,PC2,23.200000000000003,0.07752550230012718,55,4.0,20
BR1,PC2,23.3,0.07717913712486967,55,4.0,20
BR1,PC2,23.400000000000002,0.0768171119787344,55,4.0,20
BR1,PC2,23.5,0.07643980297572585,55,4.0,20
BR1,PC2,23.6,0.07604752274549069,55,4.0,20
BR1,PC2,23.700000000000003,0.0756405432557896,55,4.0,20
BR1,PC2,23.8,0.07521911778236116,55,4.0,20
BR1,PC2,23.900000000000002,0.07478350129025971,55,4.0,20
EUN1,PC1,0.0,0.06449829279404201,103,4.0,20
EUN1,PC1,0.1,0.06364441926945513,103,4.0,20
EUN1,PC1,0.2,0.06276561382319401,103,4.0,20
EUN1,PC1,0.30000000000000004,0.06186484599400775,103,4.0,20
EUN1,PC1,0.4,0.06094523878418547,103,4.0,20
EUN1,PC1,0.5,0.06001004652610014,103,4.0,20
EUN1,PC1,0.6000000000000001,0.05906263023698982,103,4.0,20
EUN1,PC1,0.7000000000000001,0.05810643083949632,103,4.0,20
EUN1,PC1,0.8,0.05714494066366296,103,4.0,20
EUN1,PC1,0.9,0.05618167367512399,103,4.0,20
EUN1,PC1,1.0,0.055220134893904066,103,4.0,20
EUN1,PC1,1.1,0.054263789478568844,103,4.0,20
EUN1,PC1,1.2000000000000002,0.05331603195155272,103,4.0,20
EUN1,PC1,1.3,0.052380156033613866,103,4.0,20
EUN1,PC1,1.4000000000000001,0.05145932553892619,103,4.0,20
EUN1,PC1,1.5,0.05055654675782675,103,4.0,20
EUN1,PC1,1.6,0.04967464272232325,103,4.0,20
EUN1,PC1,1.7000000000000002,0.048816229710857154,103,4.0,20
EUN1,PC1,1.8,0.0479836963043493,103,4.0,20
EUN1,PC1,1.9000000000000001,0.04717918525615829,103,4.0,20
EUN1,PC1,2.0,0.04640457838528289,103,4.0,20
EUN1,PC1,2.1,0.04566148464605241,103,4.0,20
EUN1,PC1,2.2,0.04495123146985771,103,4.0,20
EUN1,PC1,2.3000000000000003,0.044274859416421154,103,4.0,20
EUN1,PC1,2.4000000000000004,0.04363312011495832,103,4.0,20
EUN1,PC1,2.5,0.043026477420618756,103,4.0,20
EUN1,PC1,2.6,0.042455111660044446,103,4.0,20
EUN1,PC1,2.7,0.04191892679291312,103,4.0,20
EUN1,PC1,2.8000000000000003,0.041417560274986075,103,4.0,20
EUN1,PC1,2.9000000000000004,0.04095039537334063,103,4.0,20
EUN1,PC1,3.0,0.040516575656825336,103,4.0,20
EUN1,PC1,3.1,0.04011502136479153,103,4.0,20
EUN1,PC1,3.2,0.03974444734502758,103,4.0,20
EUN1,PC1,3.3000000000000003,0.039403382247489474,103,4.0,20
EUN1,PC1,3.4000000000000004,0.039090188663539686,103,4.0,20
EUN1,PC1,3.5,0.03880308391037874,103,4.0,20
EUN1,PC1,3.6,0.03854016117634276,103,4.0,20
EUN1,PC1,3.7,0.03829941076370985,103,4.0,20
EUN1,PC1,3.8000000000000003,0.03807874119042408,103,4.0,20
EUN1,PC1,3.9000000000000004,0.03787599993943147,103,4.0,20
EUN1,PC1,4.0,0.03768899367282023,103,4.0,20
EUN1,PC1,4.1000000000000005,0.03751550775640272,103,4.0,20
EUN1,PC1,4.2,0.03735332496760115,103,4.0,20
EUN1,PC1,4.3,0.037200243284499175,103,4.0,20
EUN1,PC1,4.4,0.03705409267590413,103,4.0,20
EUN1,PC1,4.5,0.03691275083068398,103,4.0,20
EUN1,PC1,4.6000000000000005,0.03677415777922544,103,4.0,20
EUN1,PC1,4.7,0.03663632937061329,103,4.0,20
EUN1,PC1,4.800000000000001,0.03649736957632791,103,4.0,20
EUN1,PC1,4.9,0.03635548159541897,103,4.0,20
EUN1,PC1,5.0,0.0362089777379599,103,4.0,20
EUN1,PC1,5.1000000000000005,0.036056288063990395,103,4.0,20
EUN1,PC1,5.2,0.03589596775507665,103,4.0,20
EUN1,PC1,5.300000000000001,0.0357267031960397,103,4.0,20
EUN1,PC1,5.4,0.03554731674625964,103,4.0,20
EUN1,PC1,5.5,0.0353567701840772,103,4.0,20
EUN1,PC1,5.6000000000000005,0.03515416681483537,103,4.0,20
EUN1,PC1,5.7,0.034938752243463454,103,4.0,20
EUN1,PC1,5.800000000000001,0.03470991382637591,103,4.0,20
EUN1,PC1,5.9,0.034467178834737815,103,4.0,20
EUN1,PC1,6.0,0.0342102113814544,103,4.0,20
EUN1,PC1,6.1000000000000005,0.03393880818692448,103,4.0,20
EUN1,PC1,6.2,0.033652893282769256,103,4.0,20
EUN1,PC1,6.300000000000001,0.033352511777326066,103,4.0,20
EUN1,PC1,6.4,0.03303782283046134,103,4.0,20
EUN1,PC1,6.5,0.03270909200691299,103,4.0,20
EUN1,PC1,6.6000000000000005,0.03236668319562081,103,4.0,20
EUN1,PC1,6.7,0.032011050296116055,103,4.0,20
EUN1,PC1,6.800000000000001,0.031642728880926584,103,4.0,20
EUN1,PC1,6.9,0.031262328044226614,103,4.0,20
EUN1,PC1,7.0,0.03087052264099395,103,4.0,20
EUN1,PC1,7.1000000000000005,0.030468046107409157,103,4.0,20
EUN1,PC1,7.2,0.030055684032153605,103,4.0,20
EUN1,PC1,7.300000000000001,0.02963426861999386,103,4.0,20
EUN1,PC1,7.4,0.02920467415428386,103,4.0,20
EUN1,PC1,7.5,0.02876781352480353,103,4.0,20
EUN1,PC1,7.6000000000000005,0.028324635843004892,103,4.0,20
EUN1,PC1,7.7,0.027876125119818303,103,4.0,20
EUN1,PC1,7.800000000000001,0.027423299933426855,103,4.0,20
EUN1,PC1,7.9,0.026967213967700954,103,4.0,20
EUN1,PC1,8.0,0.026508957258188595,103,4.0,20
EUN1,PC1,8.1,0.026049657943517095,103,4.0,20
EUN1,PC1,8.200000000000001,0.025590484287500777,103,4.0,20
EUN1,PC1,8.3,0.025132646712675684,103,4.0,20
EUN1,PC1,8.4,0.02467739957064587,103,4.0,20
EUN1,PC1,8.5,0.024226042369443864,103,4.0,20
EUN1,PC1,8.6,0.023779920183626714,103,4.0,20
EUN1,PC1,8.700000000000001,0.02334042298919603,103,4.0,20
EUN1,PC1,8.8,0.0229089836923754,103,4.0,20
EUN1,PC1,8.9,0.02248707465811935,103,4.0,20
EUN1,PC1,9.0,0.022076202589891895,103,4.0,20
EUN1,PC1,9.1,0.02167790166530692,103,4.0,20
EUN1,PC1,9.200000000000001,0.021293724890932536,103,4.0,20
EUN1,PC1,9.3,0.02092523370194407,103,4.0,20
EUN1,PC1,9.4,0.020573985896215747,103,4.0,20
EUN1,PC1,9.5,0.020241522055627844,103,4.0,20
EUN1,PC1,9.600000000000001,0.01992935066758407,103,4.0,20
EUN1,PC1,9.700000000000001,0.019638932214814588,103,4.0,20
EUN1,PC1,9.8,0.01937166254947064,103,4.0,20
EUN1,PC1,9.9,0.01912885590652258,103,4.0,20
EUN1,PC1,10.0,0.01891172794007968,103,4.0,20
EUN1,PC1,10.100000000000001,0.018721379183341578,103,4.0,20
EUN1,PC1,10.200000000000001,0.018558779337750037,103,4.0,20
EUN1,PC1,10.3,0.018424752789244287,103,4.0,20
EUN1,PC1,10.4,0.01831996572947785,103,4.0,20
EUN1,PC1,10.5,0.018244915228003464,103,4.0,20
EUN1,PC1,10.600000000000001,0.018199920558757247,103,4.0,20
EUN1,PC1,10.700000000000001,0.018185117032025758,103,4.0,20
EUN1,PC1,10.8,0.018200452523131717,103,4.0,20
EUN1,PC1,10.9,0.01824568682325321,103,4.0,20
EUN1,PC1,11.0,0.018320393868211653,103,4.0,20
EUN1,PC1,11.100000000000001,0.018423966829945307,103,4.0,20
EUN1,PC1,11.200000000000001,0.018555625984975333,103,4.0,20
EUN1,PC1,11.3,0.018714429206663982,103,4.0,20
EUN1,PC1,11.4,0.018899284865519502,103,4.0,20
EUN1,PC1,11.5,0.019108966866080324,103,4.0,20
EUN1,PC1,11.600000000000001,0.019342131501604545,103,4.0,20
EUN1,PC1,11.700000000000001,0.01959733577017878,103,4.0,20
EUN1,PC1,11.8,0.019873056768868417,103,4.0,20
EUN1,PC1,11.9,0.020167711766707497,103,4.0,20
EUN1,PC1,12.0,0.02047967855283622,103,4.0,20
EUN1,PC1,12.100000000000001,0.020807315662723,103,4.0,20
EUN1,PC1,12.200000000000001,0.02114898210258636,103,4.0,20
EUN1,PC1,12.3,0.021503056218964648,103,4.0,20
EUN1,PC1,12.4,0.021867953395696305,103,4.0,20
EUN1,PC1,12.5,0.02224214230297069,103,4.0,20
EUN1,PC1,12.600000000000001,0.022624159471022334,103,4.0,20
EUN1,PC1,12.700000000000001,0.023012622012801062,103,4.0,20
EUN1,PC1,12.8,0.023406238373842318,103,4.0,20
EUN1,PC1,12.9,0.023803817041894007,103,4.0,20
EUN1,PC1,13.0,0.02420427320200965,103,4.0,20
EUN1,PC1,13.100000000000001,0.02460663337329979,103,4.0,20
EUN1,PC1,13.200000000000001,0.025010038110016643,103,4.0,20
EUN1,PC1,13.3,0.025413742891007295,103,4.0,20
EUN1,PC1,13.4,0.025817117356900766,103,4.0,20
EUN1,PC1,13.5,0.02621964308302994,103,4.0,20
EUN1,PC1,13.600000000000001,0.026620910097603773,103,4.0,20
EUN1,PC1,13.700000000000001,0.02702061236884712,103,4.0,20
EUN1,PC1,13.8,0.027418542491755283,103,4.0,20
EUN1,PC1,13.9,0.027814585805005995,103,4.0,20
EUN1,PC1,14.0,0.028208714161866846,103,4.0,20
EUN1,PC1,14.100000000000001,0.02860097956621145,103,4.0,20
EUN1,PC1,14.200000000000001,0.028991507866731554,103,4.0,20
EUN1,PC1,14.3,0.029380492679914185,103,4.0,20
EUN1,PC1,14.4,0.029768189686225237,103,4.0,20
EUN1,PC1,14.5,0.030154911415117888,103,4.0,20
EUN1,PC1,14.600000000000001,0.030541022603895306,103,4.0,20
EUN1,PC1,14.700000000000001,0.030926936184007933,103,4.0,20
EUN1,PC1,14.8,0.03131310991692577,103,4.0,20
EUN1,PC1,14.9,0.031700043671102095,103,4.0,20
EUN1,PC1,15.0,0.03208827730246661,103,4.0,20
EUN1,PC1,15.100000000000001,0.0324783890739953,103,4.0,20
EUN1,PC1,15.200000000000001,0.03287099452574475,103,4.0,20
EUN1,PC1,15.3,0.03326674568575755,103,4.0,20
EUN1,PC1,15.4,0.0336663304947879,103,4.0,20
EUN1,PC1,15.5,0.0340704723041187,103,4.0,20
EUN1,PC1,15.600000000000001,0.03447992929601295,103,4.0,20
EUN1,PC1,15.700000000000001,0.034895493670659535,103,4.0,20
EUN1,PC1,15.8,0.035317990441875786,103,4.0,20
EUN1,PC1,15.9,0.035748275686304655,103,4.0,20
EUN1,PC1,16.0,0.03618723409735015,103,4.0,20
EUN1,PC1,16.1,0.03663577570556115,103,4.0,20
EUN1,PC1,16.2,0.03709483164151278,103,4.0,20
EUN1,PC1,16.3,0.03756534883534277,103,4.0,20
EUN1,PC1,16.400000000000002,0.03804828356885021,103,4.0,20
EUN1,PC1,16.5,0.03854459382130664,103,4.0,20
EUN1,PC1,16.6,0.03905523037866193,103,4.0,20
EUN1,PC1,16.7,0.03958112670739358,103,4.0,20
EUN1,PC1,16.8,0.040123187628508396,103,4.0,20
EUN1,PC1,16.900000000000002,0.040682276863704875,103,4.0,20
EUN1,PC1,17.0,0.04125920356387917,103,4.0,20
EUN1,PC1,17.1,0.04185470796927957,103,4.0,20
EUN1,PC1,17.2,0.04246944638981978,103,4.0,20
EUN1,PC1,17.3,0.04310397573231605,103,4.0,20
EUN1,PC1,17.400000000000002,0.04375873783754626,103,4.0,20
EUN1,PC1,17.5,0.04443404392273918,103,4.0,20
EUN1,PC1,17.6,0.04513005945300167,103,4.0,20
EUN1,PC1,17.7,0.04584678978685024,103,4.0,20
EUN1,PC1,17.8,0.04658406695502583,103,4.0,20
EUN1,PC1,17.900000000000002,0.047341537936813505,103,4.0,20
EUN1,PC1,18.0,0.048118654793016094,103,4.0,20
EUN1,PC1,18.1,0.0489146669986323,103,4.0,20
EUN1,PC1,18.2,0.04972861629058724,103,4.0,20
EUN1,PC1,18.3,0.050559334306365104,103,4.0,20
EUN1,PC1,18.400000000000002,0.05140544323835164,103,4.0,20
EUN1,PC1,18.5,0.05226535966686684,103,4.0,20
EUN1,PC1,18.6,0.05313730166348708,103,4.0,20
EUN1,PC1,18.7,0.05401929917708526,103,4.0,20
EUN1,PC1,18.8,0.05490920763025681,103,4.0,20
EUN1,PC1,18.900000000000002,0.05580472456606921,103,4.0,20
EUN1,PC1,19.0,0.05670340909729988,103,4.0,20
EUN1,PC1,19.1,0.057602703825655174,103,4.0,20
EUN1,PC1,19.200000000000003,0.05849995882010807,103,4.0,20
EUN1,PC1,19.3,0.059392457174619315,103,4.0,20
EUN1,PC1,19.400000000000002,0.060277441609070406,103,4.0,20
EUN1,PC1,19.5,0.06115214153585212,103,4.0,20
EUN1,PC1,19.6,0.06201379999035076,103,4.0,20
EUN1,PC1,19.700000000000003,0.06285969981808774,103,4.0,20
EUN1,PC1,19.8,0.0636871885253501,103,4.0,20
EUN1,PC1,19.900000000000002,0.06449370123389381,103,4.0,20
EUN1,PC1,20.0,0.06527678123302463,103,4.0,20
EUN1,PC1,20.1,0.06603409769261256,103,4.0,20
EUN1,PC1,20.200000000000003,0.06676346018618869,103,4.0,20
EUN1,PC1,20.3,0.06746282977137517,103,4.0,20
EUN1,PC1,20.400000000000002,0.06813032648214139,103,4.0,20
EUN1,PC1,20.5,0.06876423319997892,103,4.0,20
EUN1,PC1,20.6,0.06936299598502897,103,4.0,20
EUN1,PC1,20.700000000000003,0.06992522105936565,103,4.0,20
EUN1,PC1,20.8,0.07044966873903002,103,4.0,20
EUN1,PC1,20.900000000000002,0.07093524470526216,103,4.0,20
EUN1,PC1,21.0,0.0713809890853463,103,4.0,20
EUN1,PC1,21.1,0.07178606387677017,103,4.0,20
EUN1,PC1,21.200000000000003,0.07214973929285096,103,4.0,20
EUN1,PC1,21.3,0.07247137963218546,103,4.0,20
EUN1,PC1,21.400000000000002,0.07275042927759524,103,4.0,20
EUN1,PC1,21.5,0.07298639941280928,103,4.0,20
EUN1,PC1,21.6,0.07317885600785916,103,4.0,20
EUN1,PC1,21.700000000000003,0.07332740956867745,103,4.0,20
EUN1,PC1,21.8,0.07343170707492419,103,4.0,20
EUN1,PC1,21.900000000000002,0.07349142644538895,103,4.0,20
EUN1,PC1,22.0,0.07350627377557935,103,4.0,20
EUN1,PC1,22.1,0.073475983490743,103,4.0,20
EUN1,PC1,22.200000000000003,0.07340032145312163,103,4.0,20
EUN1,PC1,22.3,0.07327909095824804,103,4.0,20
EUN1,PC1,22.400000000000002,0.07311214145496005,103,4.0,20
EUN1,PC1,22.5,0.07289937973066556,103,4.0,20
EUN1,PC1,22.6,0.07264078322002072,103,4.0,20
EUN1,PC1,22.700000000000003,0.07233641502392368,103,4.0,20
EUN1,PC1,22.8,0.07198644016840926,103,4.0,20
EUN1,PC1,22.900000000000002,0.07159114259096008,103,4.0,20
EUN1,PC1,23.0,0.07115094231567032,103,4.0,20
EUN1,PC1,23.1,0.0706664122688109,103,4.0,20
EUN1,PC1,23.200000000000003,0.07013829419234001,103,4.0,20
EUN1,PC1,23.3,0.06956751313398518,103,4.0,20
EUN1,PC1,23.400000000000002,0.06895519002749692,103,4.0,20
EUN1,PC1,23.5,0.06830265192398655,103,4.0,20
EUN1,PC1,23.6,0.06761143949309582,103,4.0,20
EUN1,PC1,23.700000000000003,0.06688331147909789,103,4.0,20
EUN1,PC1,23.8,0.06612024586977026,103,4.0,20
EUN1,PC1,23.900000000000002,0.06532443761285908,103,4.0,20
EUN1,PC2,0.0,0.012576449843888221,67,4.0,20
EUN1,PC2,0.1,0.012936519055342375,67,4.0,20
EUN1,PC2,0.2,0.013320616407938506,67,4.0,20
EUN1,PC2,0.30000000000000004,0.0137282550865989,67,4.0,20
EUN1,PC2,0.4,0.014158952680214686,67,4.0,20
EUN1,PC2,0.5,0.014612222751640409,67,4.0,20
EUN1,PC2,0.6000000000000001,0.015087564766908224,67,4.0,20
EUN1,PC2,0.7000000000000001,0.015584452565978199,67,4.0,20
EUN1,PC2,0.8,0.016102321616485775,67,4.0,20
EUN1,PC2,0.9,0.016640555348383747,67,4.0,20
EUN1,PC2,1.0,0.017198470919099318,67,4.0,20
EUN1,PC2,1.1,0.017775304803870528,67,4.0,20
EUN1,PC2,1.2000000000000002,0.018370198642431057,67,4.0,20
EUN1,PC2,1.3,0.018982185799493085,67,4.0,20
EUN1,PC2,1.4000000000000001,0.019610179111088793,67,4.0,20
EUN1,PC2,1.5,0.020252960290624494,67,4.0,20
EUN1,PC2,1.6,0.020909171456676486,67,4.0,20
EUN1,PC2,1.7000000000000002,0.0215773092187062,67,4.0,20
EUN1,PC2,1.8,0.022255721717003463,67,4.0,20
EUN1,PC2,1.9000000000000001,0.022942608959728866,67,4.0,20
EUN1,PC2,2.0,0.023636026733809396,67,4.0,20
EUN1,PC2,2.1,0.02433389428896697,67,4.0,20
EUN1,PC2,2.2,0.025034005907055307,67,4.0,20
EUN1,PC2,2.3000000000000003,0.025734046374245464,67,4.0,20
EUN1,PC2,2.4000000000000004,0.026431610273846298,67,4.0,20
EUN1,PC2,2.5,0.027124224915340757,67,4.0,20
EUN1,PC2,2.6,0.027809376613403453,67,4.0,20
EUN1,PC2,2.7,0.028484539932176586,67,4.0,20
EUN1,PC2,2.8000000000000003,0.029147209417856097,67,4.0,20
EUN1,PC2,2.9000000000000004,0.029794933259525876,67,4.0,20
EUN1,PC2,3.0,0.03042534824683523,67,4.0,20
EUN1,PC2,3.1,0.031036215335925623,67,4.0,20
EUN1,PC2,3.2,0.03162545509399961,67,4.0,20
EUN1,PC2,3.3000000000000003,0.03219118226966745,67,4.0,20
EUN1,PC2,3.4000000000000004,0.032731738731787696,67,4.0,20
EUN1,PC2,3.5,0.03324572403446822,67,4.0,20
EUN1,PC2,3.6,0.03373202290016721,67,4.0,20
EUN1,PC2,3.7,0.034189828965798176,67,4.0,20
EUN1,PC2,3.8000000000000003,0.03461866420718667,67,4.0,20
EUN1,PC2,3.9000000000000004,0.03501839354339911,67,4.0,20
EUN1,PC2,4.0,0.03538923422211888,67,4.0,20
EUN1,PC2,4.1000000000000005,0.03573175969771802,67,4.0,20
EUN1,PC2,4.2,0.03604689783196614,67,4.0,20
EUN1,PC2,4.3,0.03633592337020002,67,4.0,20
EUN1,PC2,4.4,0.03660044476988989,67,4.0,20
EUN1,PC2,4.5,0.036842385580514864,67,4.0,20
EUN1,PC2,4.6000000000000005,0.037063960690226876,67,4.0,20
EUN1,PC2,4.7,0.03726764786288061,67,4.0,20
EUN1,PC2,4.800000000000001,0.037456155085876006,67,4.0,20
EUN1,PC2,4.9,0.037632384332530106,67,4.0,20
EUN1,PC2,5.0,0.03779939241045395,67,4.0,20
EUN1,PC2,5.1000000000000005,0.03796034961824814,67,4.0,20
EUN1,PC2,5.2,0.03811849696587205,67,4.0,20
EUN1,PC2,5.300000000000001,0.038277102728951184,67,4.0,20
EUN1,PC2,5.4,0.03843941910425706,67,4.0,20
EUN1,PC2,5.5,0.03860863971331328,67,4.0,20
EUN1,PC2,5.6000000000000005,0.0387878586646905,67,4.0,20
EUN1,PC2,5.7,0.038980031834578335,67,4.0,20
EUN1,PC2,5.800000000000001,0.03918794096151738,67,4.0,20
EUN1,PC2,5.9,0.039414161076830094,67,4.0,20
EUN1,PC2,6.0,0.03966103170957193,67,4.0,20
EUN1,PC2,6.1000000000000005,0.039930632216082604,67,4.0,20
EUN1,PC2,6.2,0.04022476149182803,67,4.0,20
EUN1,PC2,6.300000000000001,0.04054492222950555,67,4.0,20
EUN1,PC2,6.4,0.040892309794557144,67,4.0,20
EUN1,PC2,6.5,0.04126780569935932,67,4.0,20
EUN1,PC2,6.6000000000000005,0.041671975572298146,67,4.0,20
EUN1,PC2,6.7,0.04210507143933733,67,4.0,20
EUN1,PC2,6.800000000000001,0.042567038064941685,67,4.0,20
EUN1,PC2,6.9,0.0430575230374661,67,4.0,20
EUN1,PC2,7.0,0.043575890232240205,67,4.0,20
EUN1,PC2,7.1000000000000005,0.04412123624418592,67,4.0,20
EUN1,PC2,7.2,0.044692409351261335,67,4.0,20
EUN1,PC2,7.300000000000001,0.045288030550448256,67,4.0,20
EUN1,PC2,7.4,0.04590651619927798,67,4.0,20
EUN1,PC2,7.5,0.04654610179769176,67,4.0,20
EUN1,PC2,7.6000000000000005,0.04720486645683139,67,4.0,20
EUN1,PC2,7.7,0.04788075762244099,67,4.0,20
EUN1,PC2,7.800000000000001,0.04857161565006279,67,4.0,20
EUN1,PC2,7.9,0.04927519786611273,67,4.0,20
EUN1,PC2,8.0,0.04998920179208458,67,4.0,20
EUN1,PC2,8.1,0.05071128725731614,67,4.0,20
EUN1,PC2,8.200000000000001,0.0514390971776273,67,4.0,20
EUN1,PC2,8.3,0.05217027683132512,67,4.0,20
EUN1,PC2,8.4,0.052902491519136605,67,4.0,20
EUN1,PC2,8.5,0.053633442549134214,67,4.0,20
EUN1,PC2,8.6,0.0543608815402305,67,4.0,20
EUN1,PC2,8.700000000000001,0.05508262308693721,67,4.0,20
EUN1,PC2,8.8,0.05579655587247579,67,4.0,20
EUN1,PC2,8.9,0.056500652355749956,67,4.0,20
EUN1,PC2,9.0,0.05719297718902603,67,4.0,20
EUN1,PC2,9.1,0.057871694546455445,67,4.0,20
EUN1,PC2,9.200000000000001,0.058535074558043194,67,4.0,20
EUN1,PC2,9.3,0.05918149904877171,67,4.0,20
EUN1,PC2,9.4,0.05980946677804391,67,4.0,20
EUN1,PC2,9.5,0.06041759836040535,67,4.0,20
EUN1,PC2,9.600000000000001,0.06100464102495829,67,4.0,20
EUN1,PC2,9.700000000000001,0.06156947333862167,67,4.0,20
EUN1,PC2,9.8,0.06211110997839968,67,4.0,20
EUN1,PC2,9.9,0.06262870659140721,67,4.0,20
EUN1,PC2,10.0,0.06312156473019478,67,4.0,20
EUN1,PC2,10.100000000000001,0.06358913679683727,67,4.0,20
EUN1,PC2,10.200000000000001,0.06403103087446532,67,4.0,20
EUN1,PC2,10.3,0.06444701527177116,67,4.0,20
EUN1,PC2,10.4,0.06483702255695943,67,4.0,20
EUN1,PC2,10.5,0.06520115281510917,67,4.0,20
EUN1,PC2,10.600000000000001,0.06553967582933896,67,4.0,20
EUN1,PC2,10.700000000000001,0.06585303186371816,67,4.0,20
EUN1,PC2,10.8,0.06614183071642463,67,4.0,20
EUN1,PC2,10.9,0.06640684871669963,67,4.0,20
EUN1,PC2,11.0,0.06664902335967249,67,4.0,20
EUN1,PC2,11.100000000000001,0.06686944530952015,67,4.0,20
EUN1,PC2,11.200000000000001,0.06706934755344575,67,4.0,20
EUN1,PC2,11.3,0.06725009155569059,67,4.0,20
EUN1,PC2,11.4,0.06741315034062559,67,4.0,20
EUN1,PC2,11.5,0.06756008852465378,67,4.0,20
EUN1,PC2,11.600000000000001,0.06769253941533201,67,4.0,20
EUN1,PC2,11.700000000000001,0.0678121793994302,67,4.0,20
EUN1,PC2,11.8,0.06792069994584243,67,4.0,20
EUN1,PC2,11.9,0.06801977765035194,67,4.0,20
EUN1,PC2,12.0,0.06811104284316087,67,4.0,20
EUN1,PC2,12.100000000000001,0.06819604736284993,67,4.0,20
EUN1,PC2,12.200000000000001,0.06827623216832265,67,4.0,20
EUN1,PC2,12.3,0.06835289551005574,67,4.0,20
EUN1,PC2,12.4,0.06842716241095402,67,4.0,20
EUN1,PC2,12.5,0.0684999562133756,67,4.0,20
EUN1,PC2,12.600000000000001,0.06857197293135628,67,4.0,20
EUN1,PC2,12.700000000000001,0.06864365910554907,67,4.0,20
EUN1,PC2,12.8,0.0687151937936598,67,4.0,20
EUN1,PC2,12.9,0.06878647524287952,67,4.0,20
EUN1,PC2,13.0,0.06885711268553214,67,4.0,20
EUN1,PC2,13.100000000000001,0.06892642357817438,67,4.0,20
EUN1,PC2,13.200000000000001,0.06899343647163986,67,4.0,20
EUN1,PC2,13.3,0.0690568995594132,67,4.0,20
EUN1,PC2,13.4,0.06911529480893565,67,4.0,20
EUN1,PC2,13.5,0.06916685743974499,67,4.0,20
EUN1,PC2,13.600000000000001,0.06920960037839143,67,4.0,20
EUN1,PC2,13.700000000000001,0.06924134319718497,67,4.0,20
EUN1,PC2,13.8,0.06925974493587221,67,4.0,20
EUN1,PC2,13.9,0.06926234011553029,67,4.0,20
EUN1,PC2,14.0,0.06924657718477067,67,4.0,20
EUN1,PC2,14.100000000000001,0.06920985859139553,67,4.0,20
EUN1,PC2,14.200000000000001,0.06914958164871654,67,4.0,20
EUN1,PC2,14.3,0.0690631793647242,67,4.0,20
EUN1,PC2,14.4,0.0689481604232684,67,4.0,20
EUN1,PC2,14.5,0.06880214754771834,67,4.0,20
EUN1,PC2,14.600000000000001,0.06862291353692221,67,4.0,20
EUN1,PC2,14.700000000000001,0.0684084143379113,67,4.0,20
EUN1,PC2,14.8,0.06815681860656732,67,4.0,20
EUN1,PC2,14.9,0.06786653330309982,67,4.0,20
EUN1,PC2,15.0,0.06753622497033443,67,4.0,20
EUN1,PC2,15.100000000000001,0.0671648364462853,67,4.0,20
EUN1,PC2,15.200000000000001,0.06675159886531035,67,4.0,20
EUN1,PC2,15.3,0.06629603890170567,67,4.0,20
EUN1,PC2,15.4,0.06579798130368383,67,4.0,20
EUN1,PC2,15.5,0.06525754685255324,67,4.0,20
EUN1,PC2,15.600000000000001,0.06467514596030485,67,4.0,20
EUN1,PC2,15.700000000000001,0.06405146818789222,67,4.0,20
EUN1,PC2,15.8,0.06338746802585718,67,4.0,20
EUN1,PC2,15.9,0.06268434732854096,67,4.0,20
EUN1,PC2,16.0,0.06194353483313554,67,4.0,20
EUN1,PC2,16.1,0.061166663225672144,67,4.0,20
EUN1,PC2,16.2,0.06035554423820329,67,4.0,20
EUN1,PC2,16.3,0.05951214227544478,67,4.0,20
EUN1,PC2,16.400000000000002,0.058638547075487976,67,4.0,20
EUN1,PC2,16.5,0.05773694590827731,67,4.0,20
EUN1,PC2,16.6,0.05680959580767267,67,4.0,20
EUN1,PC2,16.7,0.05585879631826383,67,4.0,20
EUN1,PC2,16.8,0.05488686321675525,67,4.0,20
EUN1,PC2,16.900000000000002,0.05389610363973144,67,4.0,20
EUN1,PC2,17.0,0.0528887930149396,67,4.0,20
EUN1,PC2,17.1,0.05186715415196205,67,4.0,20
EUN1,PC2,17.2,0.05083333880045346,67,4.0,20
EUN1,PC2,17.3,0.04978941193033059,67,4.0,20
EUN1,PC2,17.400000000000002,0.04873733892898866,67,4.0,20
EUN1,PC2,17.5,0.047678975846598776,67,4.0,20
EUN1,PC2,17.6,0.046616062752923605,67,4.0,20
EUN1,PC2,17.7,0.04555022019925782,67,4.0,20
EUN1,PC2,17.8,0.04448294870868756,67,4.0,20
EUN1,PC2,17.900000000000002,0.04341563114872291,67,4.0,20
EUN1,PC2,18.0,0.04234953777445766,67,4.0,20
EUN1,PC2,18.1,0.04128583366979477,67,4.0,20
EUN1,PC2,18.2,0.0402255882609196,67,4.0,20
EUN1,PC2,18.3,0.03916978653194637,67,4.0,20
EUN1,PC2,18.400000000000002,0.03811934153909879,67,4.0,20
EUN1,PC2,18.5,0.03707510779813783,67,4.0,20
EUN1,PC2,18.6,0.03603789511086008,67,4.0,20
EUN1,PC2,18.7,0.035008482400676263,67,4.0,20
EUN1,PC2,18.8,0.03398763114437807,67,4.0,20
EUN1,PC2,18.900000000000002,0.032976098016511815,67,4.0,20
EUN1,PC2,19.0,0.031974646403105794,67,4.0,20
EUN1,PC2,19.1,0.030984056491205277,67,4.0,20
EUN1,PC2,19.200000000000003,0.0300051336977459,67,4.0,20
EUN1,PC2,19.3,0.029038715263451212,67,4.0,20
EUN1,PC2,19.400000000000002,0.028085674902233505,67,4.0,20
EUN1,PC2,19.5,0.027146925461506634,67,4.0,20
EUN1,PC2,19.6,0.026223419611473314,67,4.0,20
EUN1,PC2,19.700000000000003,0.025316148639605823,67,4.0,20
EUN1,PC2,19.8,0.024426139478258783,67,4.0,20
EUN1,PC2,19.900000000000002,0.02355445013709188,67,4.0,20
EUN1,PC2,20.0,0.022702163746618157,67,4.0,20
EUN1,PC2,20.1,0.021870381444089683,67,4.0,20
EUN1,PC2,20.200000000000003,0.021060214347930508,67,4.0,20
EUN1,PC2,20.3,0.020272774872325774,67,4.0,20
EUN1,PC2,20.400000000000002,0.019509167630101115,67,4.0,20
EUN1,PC2,20.5,0.018770480160755904,67,4.0,20
EUN1,PC2,20.6,0.018057773702795165,67,4.0,20
EUN1,PC2,20.700000000000003,0.01737207420687931,67,4.0,20
EUN1,PC2,20.8,0.016714363760387627,67,4.0,20
EUN1,PC2,20.900000000000002,0.016085572566386805,67,4.0,20
EUN1,PC2,21.0,0.01548657159221385,67,4.0,20
EUN1,PC2,21.1,0.014918165976250322,67,4.0,20
EUN1,PC2,21.200000000000003,0.014381089257076643,67,4.0,20
EUN1,PC2,21.3,0.013875998467845348,67,4.0,20
EUN1,PC2,21.400000000000002,0.013403470120902278,67,4.0,20
EUN1,PC2,21.5,0.0129639970935842,67,4.0,20
EUN1,PC2,21.6,0.012557986415616845,67,4.0,20
EUN1,PC2,21.700000000000003,0.012185757951234968,67,4.0,20
EUN1,PC2,21.8,0.01184754396443938,67,4.0,20
EUN1,PC2,21.900000000000002,0.011543489552922385,67,4.0,20
EUN1,PC2,22.0,0.011273653934262504,67,4.0,20
EUN1,PC2,22.1,0.011038012566109538,67,4.0,20
EUN1,PC2,22.200000000000003,0.010836460079388767,67,4.0,20
EUN1,PC2,22.3,0.010668813999278461,67,4.0,20
EUN1,PC2,22.400000000000002,0.010534819222244437,67,4.0,20
EUN1,PC2,22.5,0.010434153208327348,67,4.0,20
EUN1,PC2,22.6,0.010366431835979425,67,4.0,20
EUN1,PC2,22.700000000000003,0.010331215852089407,67,4.0,20
EUN1,PC2,22.8,0.010328017832713737,67,4.0,20
EUN1,PC2,22.900000000000002,0.01035630955098785,67,4.0,20
EUN1,PC2,23.0,0.010415529628473648,67,4.0,20
EUN1,PC2,23.1,0.01050509132574167,67,4.0,20
EUN1,PC2,23.200000000000003,0.01062439030835871,67,4.0,20
EUN1,PC2,23.3,0.010772812206810036,67,4.0,20
EUN1,PC2,23.400000000000002,0.010949739774415983,67,4.0,20
EUN1,PC2,23.5,0.011154559437164095,67,4.0,20
EUN1,PC2,23.6,0.011386667024641911,67,4.0,20
EUN1,PC2,23.700000000000003,0.011645472472851198,67,4.0,20
EUN1,PC2,23.8,0.011930403298350503,67,4.0,20
EUN1,PC2,23.900000000000002,0.012240906659408805,67,4.0,20
EUW1,PC1,0.0,0.056888587308518875,177,4.0,20
EUW1,PC1,0.1,0.05722925385879822,177,4.0,20
EUW1,PC1,0.2,0.057586896283564164,177,4.0,20
EUW1,PC1,0.30000000000000004,0.05796078572080158,177,4.0,20
EUW1,PC1,0.4,0.05835000849628998,177,4.0,20
EUW1,PC1,0.5,0.05875347204814732,177,4.0,20
EUW1,PC1,0.6000000000000001,0.05916991212703072,177,4.0,20
EUW1,PC1,0.7000000000000001,0.059597900899783396,177,4.0,20
EUW1,PC1,0.8,0.06003585558793661,177,4.0,20
EUW1,PC1,0.9,0.06048204729373473,177,4.0,20
EUW1,PC1,1.0,0.06093460970411625,177,4.0,20
EUW1,PC1,1.1,0.06139154741548339,177,4.0,20
EUW1,PC1,1.2000000000000002,0.0618507436866207,177,4.0,20
EUW1,PC1,1.3,0.062309967500751524,177,4.0,20
EUW1,PC1,1.4000000000000001,0.06276687989703163,177,4.0,20
EUW1,PC1,1.5,0.06321903961312085,177,4.0,20
EUW1,PC1,1.6,0.0636639081601213,177,4.0,20
EUW1,PC1,1.7000000000000002,0.06409885452547286,177,4.0,20
EUW1,PC1,1.8,0.06452115976494664,177,4.0,20
EUW1,PC1,1.9000000000000001,0.06492802179862578,177,4.0,20
EUW1,PC1,2.0,0.06531656076516451,177,4.0,20
EUW1,PC1,2.1,0.06568382531170246,177,4.0,20
EUW1,PC1,2.2,0.06602680020227669,177,4.0,20
EUW1,PC1,2.3000000000000003,0.06634241561481474,177,4.0,20
EUW1,PC1,2.4000000000000004,0.06662755846591717,177,4.0,20
EUW1,PC1,2.5,0.06687908605446562,177,4.0,20
EUW1,PC1,2.6,0.06709384225109873,177,4.0,20
EUW1,PC1,2.7,0.06726867638286808,177,4.0,20
EUW1,PC1,2.8000000000000003,0.06740046487352049,177,4.0,20
EUW1,PC1,2.9000000000000004,0.06748613560287338,177,4.0,20
EUW1,PC1,3.0,0.06752269484698901,177,4.0,20
EUW1,PC1,3.1,0.06750725655782841,177,4.0,20
EUW1,PC1,3.2,0.06743707364036253,177,4.0,20
EUW1,PC1,3.3000000000000003,0.06730957079025829,177,4.0,20
EUW1,PC1,3.4000000000000004,0.06712237836958738,177,4.0,20
EUW1,PC1,3.5,0.06687336672457976,177,4.0,20
EUW1,PC1,3.6,0.06656068029092428,177,4.0,20
EUW1,PC1,3.7,0.06618277079069601,177,4.0,20
EUW1,PC1,3.8000000000000003,0.06573842880230084,177,4.0,20
EUW1,PC1,3.9000000000000004,0.06522681298192377,177,4.0,20
EUW1,PC1,4.0,0.06464747623226401,177,4.0,20
EUW1,PC1,4.1000000000000005,0.06400038815162101,177,4.0,20
EUW1,PC1,4.2,0.06328595315282144,177,4.0,20
EUW1,PC1,4.3,0.06250502371560625,177,4.0,20
EUW1,PC1,4.4,0.06165890832595277,177,4.0,20
EUW1,PC1,4.5,0.0607493737589248,177,4.0,20
EUW1,PC1,4.6000000000000005,0.05977864147517311,177,4.0,20
EUW1,PC1,4.7,0.058749378021988596,177,4.0,20
EUW1,PC1,4.800000000000001,0.05766467945448733,177,4.0,20
EUW1,PC1,4.9,0.05652804991763071,177,4.0,20
EUW1,PC1,5.0,0.05534337465192832,177,4.0,20
EUW1,PC1,5.1000000000000005,0.05411488780153202,177,4.0,20
EUW1,PC1,5.2,0.052847135509934716,177,4.0,20
EUW1,PC1,5.300000000000001,0.05154493488288059,177,4.0,20
EUW1,PC1,5.4,0.05021332947802893,177,4.0,20
EUW1,PC1,5.5,0.04885754204450189,177,4.0,20
EUW1,PC1,5.6000000000000005,0.04748292528132614,177,4.0,20
EUW1,PC1,5.7,0.04609491141112652,177,4.0,20
EUW1,PC1,5.800000000000001,0.04469896137398807,177,4.0,20
EUW1,PC1,5.9,0.043300514436463974,177,4.0,20
EUW1,PC1,6.0,0.04190493898308837,177,4.0,20
EUW1,PC1,6.1000000000000005,0.04051748521376211,177,4.0,20
EUW1,PC1,6.2,0.03914324041174537,177,4.0,20
EUW1,PC1,6.300000000000001,0.03778708737580657,177,4.0,20
EUW1,PC1,6.4,0.03645366652871173,177,4.0,20
EUW1,PC1,6.5,0.035147342125254236,177,4.0,20
EUW1,PC1,6.6000000000000005,0.03387217288909254,177,4.0,20
EUW1,PC1,6.7,0.03263188731146313,177,4.0,20
EUW1,PC1,6.800000000000001,0.03142986374898271,177,4.0,20
EUW1,PC1,6.9,0.03026911536470888,177,4.0,20
EUW1,PC1,7.0,0.02915227986863046,177,4.0,20
EUW1,PC1,7.1000000000000005,0.02808161393276723,177,4.0,20
EUW1,PC1,7.2,0.02705899208369673,177,4.0,20
EUW1,PC1,7.300000000000001,0.026085909812855457,177,4.0,20
EUW1,PC1,7.4,0.025163490593255816,177,4.0,20
EUW1,PC1,7.5,0.02429249645080111,177,4.0,20
EUW1,PC1,7.6000000000000005,0.023473341709266942,177,4.0,20
EUW1,PC1,7.7,0.022706109509983946,177,4.0,20
EUW1,PC1,7.800000000000001,0.021990570699708823,177,4.0,20
EUW1,PC1,7.9,0.021326204682228938,177,4.0,20
EUW1,PC1,8.0,0.020712221839791715,177,4.0,20
EUW1,PC1,8.1,0.020147587148188904,177,4.0,20
EUW1,PC1,8.200000000000001,0.01963104463284524,177,4.0,20
EUW1,PC1,8.3,0.019161142341086984,177,4.0,20
EUW1,PC1,8.4,0.018736257536434167,177,4.0,20
EUW1,PC1,8.5,0.018354621852859822,177,4.0,20
EUW1,PC1,8.6,0.01801434617919268,177,4.0,20
EUW1,PC1,8.700000000000001,0.017713445075061528,177,4.0,20
EUW1,PC1,8.8,0.017449860549031478,177,4.0,20
EUW1,PC1,8.9,0.017221485056117907,177,4.0,20
EUW1,PC1,9.0,0.01702618359516288,177,4.0,20
EUW1,PC1,9.1,0.016861814806325818,177,4.0,20
EUW1,PC1,9.200000000000001,0.01672625098510391,177,4.0,20
EUW1,PC1,9.3,0.01661739694198575,177,4.0,20
EUW1,PC1,9.4,0.016533207646361566,177,4.0,20
EUW1,PC1,9.5,0.016471704600115256,177,4.0,20
EUW1,PC1,9.600000000000001,0.0164309908909647,177,4.0,20
EUW1,PC1,9.700000000000001,0.01640926487872177,177,4.0,20
EUW1,PC1,9.8,0.016404832469861276,177,4.0,20
EUW1,PC1,9.9,0.01641611793775416,177,4.0,20
EUW1,PC1,10.0,0.01644167324822101,177,4.0,20
EUW1,PC1,10.100000000000001,0.01648018585320347,177,4.0,20
EUW1,PC1,10.200000000000001,0.01653048491973632,177,4.0,20
EUW1,PC1,10.3,0.016591545967316962,177,4.0,20
EUW1,PC1,10.4,0.01666249389437024,177,4.0,20
EUW1,PC1,10.5,0.016742604383829292,177,4.0,20
EUW1,PC1,10.600000000000001,0.016831303688816156,177,4.0,20
EUW1,PC1,10.700000000000001,0.01692816681182685,177,4.0,20
EUW1,PC1,10.8,0.017032914104443082,177,4.0,20
EUW1,PC1,10.9,0.017145406329087842,177,4.0,20
EUW1,PC1,11.0,0.017265638239366363,177,4.0,20
EUW1,PC1,11.100000000000001,0.017393730750730113,177,4.0,20
EUW1,PC1,11.200000000000001,0.01752992178822904,177,4.0,20
EUW1,PC1,11.3,0.01767455591266755,177,4.0,20
EUW1,PC1,11.4,0.017828072840288853,177,4.0,20
EUW1,PC1,11.5,0.01799099498396882,177,4.0,20
EUW1,PC1,11.600000000000001,0.018163914155643397,177,4.0,20
EUW1,PC1,11.700000000000001,0.018347477580209215,177,4.0,20
EUW1,PC1,11.8,0.0185423733803453,177,4.0,20
EUW1,PC1,11.9,0.018749315699548276,177,4.0,20
EUW1,PC1,12.0,0.018969029637101092,177,4.0,20
EUW1,PC1,12.100000000000001,0.01920223617364453,177,4.0,20
EUW1,PC1,12.200000000000001,0.019449637269403845,177,4.0,20
EUW1,PC1,12.3,0.019711901318819426,177,4.0,20
EUW1,PC1,12.4,0.019989649145178187,177,4.0,20
EUW1,PC1,12.5,0.02028344071664235,177,4.0,20
EUW1,PC1,12.600000000000001,0.020593762760592438,177,4.0,20
EUW1,PC1,12.700000000000001,0.02092101744619408,177,4.0,20
EUW1,PC1,12.8,0.021265512295317052,177,4.0,20
EUW1,PC1,12.9,0.021627451469163415,177,4.0,20
EUW1,PC1,13.0,0.022006928562033175,177,4.0,20
EUW1,PC1,13.100000000000001,0.02240392101449115,177,4.0,20
EUW1,PC1,13.200000000000001,0.022818286235821633,177,4.0,20
EUW1,PC1,13.3,0.02324975950022564,177,4.0,20
EUW1,PC1,13.4,0.02369795365302944,177,4.0,20
EUW1,PC1,13.5,0.024162360632688635,177,4.0,20
EUW1,PC1,13.600000000000001,0.024642354782197024,177,4.0,20
EUW1,PC1,13.700000000000001,0.025137197890389804,177,4.0,20
EUW1,PC1,13.8,0.025646045870435775,177,4.0,20
EUW1,PC1,13.9,0.02616795695049525,177,4.0,20
EUW1,PC1,14.0,0.02670190122108719,177,4.0,20
EUW1,PC1,14.100000000000001,0.02724677135616824,177,4.0,20
EUW1,PC1,14.200000000000001,0.027801394301247215,177,4.0,20
EUW1,PC1,14.3,0.028364543702916828,177,4.0,20
EUW1,PC1,14.4,0.028934952840720497,177,4.0,20
EUW1,PC1,14.5,0.029511327814845733,177,4.0,20
EUW1,PC1,14.600000000000001,0.030092360742099603,177,4.0,20
EUW1,PC1,14.700000000000001,0.030676742718088307,177,4.0,20
EUW1,PC1,14.8,0.03126317631536409,177,4.0,20
EUW1,PC1,14.9,0.031850387405138854,177,4.0,20
EUW1,PC1,15.0,0.03243713611338701,177,4.0,20
EUW1,PC1,15.100000000000001,0.033022226749951866,177,4.0,20
EUW1,PC1,15.200000000000001,0.03360451658063965,177,4.0,20
EUW1,PC1,15.3,0.034182923346118145,177,4.0,20
EUW1,PC1,15.4,0.034756431466534635,177,4.0,20
EUW1,PC1,15.5,0.035324096905917264,177,4.0,20
EUW1,PC1,15.600000000000001,0.03588505070443509,177,4.0,20
EUW1,PC1,15.700000000000001,0.03643850121836559,177,4.0,20
EUW1,PC1,15.8,0.03698373513618066,177,4.0,20
EUW1,PC1,15.9,0.0375201173637106,177,4.0,20
EUW1,PC1,16.0,0.03804708989127632,177,4.0,20
EUW1,PC1,16.1,0.03856416977060439,177,4.0,20
EUW1,PC1,16.2,0.03907094633909545,177,4.0,20
EUW1,PC1,16.3,0.03956707783365559,177,4.0,20
EUW1,PC1,16.400000000000002,0.04005228753608053,177,4.0,20
EUW1,PC1,16.5,0.04052635958733879,177,4.0,20
EUW1,PC1,16.6,0.040989134599607006,177,4.0,20
EUW1,PC1,16.7,0.041440505183252895,177,4.0,20
EUW1,PC1,16.8,0.04188041149188735,177,4.0,20
EUW1,PC1,16.900000000000002,0.04230883687288026,177,4.0,20
EUW1,PC1,17.0,0.04272580369411427,177,4.0,20
EUW1,PC1,17.1,0.04313136940092852,177,4.0,20
EUW1,PC1,17.2,0.04352562284080534,177,4.0,20
EUW1,PC1,17.3,0.04390868087789078,177,4.0,20
EUW1,PC1,17.400000000000002,0.04428068530531984,177,4.0,20
EUW1,PC1,17.5,0.04464180005082804,177,4.0,20
EUW1,PC1,17.6,0.04499220866044617,177,4.0,20
EUW1,PC1,17.7,0.045332112036272826,177,4.0,20
EUW1,PC1,17.8,0.04566172639739742,177,4.0,20
EUW1,PC1,17.900000000000002,0.04598128142793718,177,4.0,20
EUW1,PC1,18.0,0.046291018572763826,177,4.0,20
EUW1,PC1,18.1,0.04659118943971292,177,4.0,20
EUW1,PC1,18.2,0.046882054266794475,177,4.0,20
EUW1,PC1,18.3,0.04716388041407715,177,4.0,20
EUW1,PC1,18.400000000000002,0.04743694084245445,177,4.0,20
EUW1,PC1,18.5,0.047701512545414326,177,4.0,20
EUW1,PC1,18.6,0.04795787490523776,177,4.0,20
EUW1,PC1,18.7,0.04820630795178987,177,4.0,20
EUW1,PC1,18.8,0.04844709051027071,177,4.0,20
EUW1,PC1,18.900000000000002,0.04868049823397343,177,4.0,20
EUW1,PC1,19.0,0.048906801529212604,177,4.0,20
EUW1,PC1,19.1,0.04912626339201734,177,4.0,20
EUW1,PC1,19.200000000000003,0.04933913718970926,177,4.0,20
EUW1,PC1,19.3,0.04954566443476966,177,4.0,20
EUW1,PC1,19.400000000000002,0.0497460726129692,177,4.0,20
EUW1,PC1,19.5,0.04994057314199413,177,4.0,20
EUW1,PC1,19.6,0.05012935955003398,177,4.0,20
EUW1,PC1,19.700000000000003,0.05031260597518446,177,4.0,20
EUW1,PC1,19.8,0.05049046609519022,177,4.0,20
EUW1,PC1,19.900000000000002,0.050663072602109845,177,4.0,20
EUW1,PC1,20.0,0.050830537337072726,177,4.0,20
EUW1,PC1,20.1,0.05099295219565055,177,4.0,20
EUW1,PC1,20.200000000000003,0.051150390903877324,177,4.0,20
EUW1,PC1,20.3,0.05130291174822727,177,4.0,20
EUW1,PC1,20.400000000000002,0.05145056131977611,177,4.0,20
EUW1,PC1,20.5,0.051593379303513376,177,4.0,20
EUW1,PC1,20.6,0.051731404308871326,177,4.0,20
EUW1,PC1,20.700000000000003,0.0518646806978662,177,4.0,20
EUW1,PC1,20.8,0.05199326632403884,177,4.0,20
EUW1,PC1,20.900000000000002,0.052117241050173825,177,4.0,20
EUW1,PC1,21.0,0.05223671586737849,177,4.0,20
EUW1,PC1,21.1,0.05235184239452333,177,4.0,20
EUW1,PC1,21.200000000000003,0.05246282249740269,177,4.0,20
EUW1,PC1,21.3,0.05256991773339789,177,4.0,20
EUW1,PC1,21.400000000000002,0.05267345830195096,177,4.0,20
EUW1,PC1,21.5,0.05277385116560781,177,4.0,20
EUW1,PC1,21.6,0.05287158700227629,177,4.0,20
EUW1,PC1,21.700000000000003,0.05296724565775581,177,4.0,20
EUW1,PC1,21.8,0.053061499789125,177,4.0,20
EUW1,PC1,21.900000000000002,0.053155116424250734,177,4.0,20
EUW1,PC1,22.0,0.05324895620993338,177,4.0,20
EUW1,PC1,22.1,0.053343970179857744,177,4.0,20
EUW1,PC1,22.200000000000003,0.05344119394180911,177,4.0,20
EUW1,PC1,22.3,0.05354173925925799,177,4.0,20
EUW1,PC1,22.400000000000002,0.05364678308267652,177,4.0,20
EUW1,PC1,22.5,0.053757554167762296,177,4.0,20
EUW1,PC1,22.6,0.053875317497844806,177,4.0,20
EUW1,PC1,22.700000000000003,0.0540013568028158,177,4.0,20
EUW1,PC1,22.8,0.054136955533748324,177,4.0,20
EUW1,PC1,22.900000000000002,0.054283376707990265,177,4.0,20
EUW1,PC1,23.0,0.05444184208139795,177,4.0,20
EUW1,PC1,23.1,0.05461351113050614,177,4.0,20
EUW1,PC1,23.200000000000003,0.054799460336457016,177,4.0,20
EUW1,PC1,23.3,0.055000663253811206,177,4.0,20
EUW1,PC1,23.400000000000002,0.055217971821079334,177,4.0,20
EUW1,PC1,23.5,0.055452099326878314,177,4.0,20
EUW1,PC1,23.6,0.055703605387707716,177,4.0,20
EUW1,PC1,23.700000000000003,0.055972883222822366,177,4.0,20
EUW1,PC1,23.8,0.056260149431491775,177,4.0,20
EUW1,PC1,23.900000000000002,0.056565436391477826,177,4.0,20
EUW1,PC2,0.0,0.01684886094478821,224,4.0,20
EUW1,PC2,0.1,0.01697536347509352,224,4.0,20
EUW1,PC2,0.2,0.017110251974091602,224,4.0,20
EUW1,PC2,0.30000000000000004,0.017252974011207727,224,4.0,20
EUW1,PC2,0.4,0.017403031522203023,224,4.0,20
EUW1,PC2,0.5,0.01755998518679487,224,4.0,20
EUW1,PC2,0.6000000000000001,0.017723458437572094,224,4.0,20
EUW1,PC2,0.7000000000000001,0.017893140995864504,224,4.0,20
EUW1,PC2,0.8,0.018068791828804255,224,4.0,20
EUW1,PC2,0.9,0.01825024142340717,224,4.0,20
EUW1,PC2,1.0,0.01843739327831171,224,4.0,20
EUW1,PC2,1.1,0.01863022452195788,224,4.0,20
EUW1,PC2,1.2000000000000002,0.018828785577480533,224,4.0,20
EUW1,PC2,1.3,0.019033198809335208,224,4.0,20
EUW1,PC2,1.4000000000000001,0.01924365610445472,224,4.0,20
EUW1,PC2,1.5,0.019460415361220746,224,4.0,20
EUW1,PC2,1.6,0.019683795882280412,224,4.0,20
EUW1,PC2,1.7000000000000002,0.01991417269169412,224,4.0,20
EUW1,PC2,1.8,0.020151969822424717,224,4.0,20
EUW1,PC2,1.9000000000000001,0.020397652646055982,224,4.0,20
EUW1,PC2,2.0,0.02065171934209413,224,4.0,20
EUW1,PC2,2.1,0.020914691628469866,224,4.0,20
EUW1,PC2,2.2,0.02118710489713275,224,4.0,20
EUW1,PC2,2.3000000000000003,0.02146949791815922,224,4.0,20
EUW1,PC2,2.4000000000000004,0.021762402291885558,224,4.0,20
EUW1,PC2,2.5,0.022066331840620537,224,4.0,20
EUW1,PC2,2.6,0.022381772138994872,224,4.0,20
EUW1,PC2,2.7,0.022709170384603676,224,4.0,20
EUW1,PC2,2.8000000000000003,0.023048925808081037,224,4.0,20
EUW1,PC2,2.9000000000000004,0.023401380814055947,224,4.0,20
EUW1,PC2,3.0,0.02376681303168498,224,4.0,20
EUW1,PC2,3.1,0.024145428435904975,224,4.0,20
EUW1,PC2,3.2,0.02453735567861796,224,4.0,20
EUW1,PC2,3.3000000000000003,0.02494264174326795,224,4.0,20
EUW1,PC2,3.4000000000000004,0.02536124900736919,224,4.0,20
EUW1,PC2,3.5,0.025793053766271702,224,4.0,20
EUW1,PC2,3.6,0.026237846238641643,224,4.0,20
EUW1,PC2,3.7,0.026695332040677297,224,4.0,20
EUW1,PC2,3.8000000000000003,0.027165135082872216,224,4.0,20
EUW1,PC2,3.9000000000000004,0.027646801811059527,224,4.0,20
EUW1,PC2,4.0,0.02813980668336748,224,4.0,20
EUW1,PC2,4.1000000000000005,0.02864355874736515,224,4.0,20
EUW1,PC2,4.2,0.02915740915777029,224,4.0,20
EUW1,PC2,4.3,0.029680659455221706,224,4.0,20
EUW1,PC2,4.4,0.030212570411259774,224,4.0,20
EUW1,PC2,4.5,0.030752371234167655,224,4.0,20
EUW1,PC2,4.6000000000000005,0.031299268924925974,224,4.0,20
EUW1,PC2,4.7,0.03185245757232452,224,4.0,20
EUW1,PC2,4.800000000000001,0.0324111273812313,224,4.0,20
EUW1,PC2,4.9,0.032974473237994545,224,4.0,20
EUW1,PC2,5.0,0.03354170263169396,224,4.0,20
EUW1,PC2,5.1000000000000005,0.034112042769103464,224,4.0,20
EUW1,PC2,5.2,0.03468474674433223,224,4.0,20
EUW1,PC2,5.300000000000001,0.03525909865064335,224,4.0,20
EUW1,PC2,5.4,0.03583441755130996,224,4.0,20
EUW1,PC2,5.5,0.03641006025789863,224,4.0,20
EUW1,PC2,5.6000000000000005,0.03698542289735808,224,4.0,20
EUW1,PC2,5.7,0.037559941282988944,224,4.0,20
EUW1,PC2,5.800000000000001,0.03813309013799511,224,4.0,20
EUW1,PC2,5.9,0.038704381253068396,224,4.0,20
EUW1,PC2,6.0,0.03927336069052483,224,4.0,20
EUW1,PC2,6.1000000000000005,0.03983960517608298,224,4.0,20
EUW1,PC2,6.2,0.040402717844663566,224,4.0,20
EUW1,PC2,6.300000000000001,0.04096232352783664,224,4.0,20
EUW1,PC2,6.4,0.041518063787044895,224,4.0,20
EUW1,PC2,6.5,0.04206959190785983,224,4.0,20
EUW1,PC2,6.6000000000000005,0.042616568075749525,224,4.0,20
EUW1,PC2,6.7,0.04315865495274308,224,4.0,20
EUW1,PC2,6.800000000000001,0.04369551386670384,224,4.0,20
EUW1,PC2,6.9,0.044226801810575395,224,4.0,20
EUW1,PC2,7.0,0.044752169428036684,224,4.0,20
EUW1,PC2,7.1000000000000005,0.0452712601347932,224,4.0,20
EUW1,PC2,7.2,0.04578371049175268,224,4.0,20
EUW1,PC2,7.300000000000001,0.04628915190831406,224,4.0,20
EUW1,PC2,7.4,0.046787213711874276,224,4.0,20
EUW1,PC2,7.5,0.047277527574554494,224,4.0,20
EUW1,PC2,7.6000000000000005,0.047759733241357835,224,4.0,20
EUW1,PC2,7.7,0.04823348545691115,224,4.0,20
EUW1,PC2,7.800000000000001,0.04869846194211421,224,4.0,20
EUW1,PC2,7.9,0.049154372228947356,224,4.0,20
EUW1,PC2,8.0,0.049600967122872215,224,4.0,20
EUW1,PC2,8.1,0.050038048529108814,224,4.0,20
EUW1,PC2,8.200000000000001,0.05046547935284578,224,4.0,20
EUW1,PC2,8.3,0.05088319316519713,224,4.0,20
EUW1,PC2,8.4,0.051291203317261745,224,4.0,20
EUW1,PC2,8.5,0.05168961118448763,224,4.0,20
EUW1,PC2,8.6,0.05207861323288929,224,4.0,20
EUW1,PC2,8.700000000000001,0.05245850661738626,224,4.0,20
EUW1,PC2,8.8,0.05282969305016991,224,4.0,20
EUW1,PC2,8.9,0.053192680712807895,224,4.0,20
EUW1,PC2,9.0,0.05354808402872649,224,4.0,20
EUW1,PC2,9.1,0.05389662116151267,224,4.0,20
EUW1,PC2,9.200000000000001,0.05423910915771418,224,4.0,20
EUW1,PC2,9.3,0.05457645670893745,224,4.0,20
EUW1,PC2,9.4,0.054909654565455025,224,4.0,20
EUW1,PC2,9.5,0.05523976369064657,224,4.0,20
EUW1,PC2,9.600000000000001,0.05556790130090045,224,4.0,20
EUW1,PC2,9.700000000000001,0.055895224987701754,224,4.0,20
EUW1,PC2,9.8,0.05622291516629982,224,4.0,20
EUW1,PC2,9.9,0.05655215613754421,224,4.0,20
EUW1,PC2,10.0,0.056884116085373373,224,4.0,20
EUW1,PC2,10.100000000000001,0.05721992636141237,224,4.0,20
EUW1,PC2,10.200000000000001,0.057560660429766444,224,4.0,20
EUW1,PC2,10.3,0.057907312859151024,224,4.0,20
EUW1,PC2,10.4,0.058260778755900036,224,4.0,20
EUW1,PC2,10.5,0.05862183403019687,224,4.0,20
EUW1,PC2,10.600000000000001,0.05899111687923576,224,4.0,20
EUW1,PC2,10.700000000000001,0.05936911085517421,224,4.0,20
EUW1,PC2,10.8,0.05975612986297019,224,4.0,20
EUW1,PC2,10.9,0.06015230540383532,224,4.0,20
EUW1,PC2,11.0,0.060557576344445765,224,4.0,20
EUW1,PC2,11.100000000000001,0.06097168145063665,224,4.0,20
EUW1,PC2,11.200000000000001,0.06139415487752585,224,4.0,20
EUW1,PC2,11.3,0.061824324756399616,224,4.0,20
EUW1,PC2,11.4,0.062261314962873536,224,4.0,20
EUW1,PC2,11.5,0.06270405009157057,224,4.0,20
EUW1,PC2,11.600000000000001,0.06315126360072658,224,4.0,20
EUW1,PC2,11.700000000000001,0.06360150902680037,224,4.0,20
EUW1,PC2,11.8,0.06405317410555099,224,4.0,20
EUW1,PC2,11.9,0.0645044975735391,224,4.0,20
EUW1,PC2,12.0,0.06495358836413724,224,4.0,20
EUW1,PC2,12.100000000000001,0.0653984468565355,224,4.0,20
EUW1,PC2,12.200000000000001,0.06583698778659794,224,4.0,20
EUW1,PC2,12.3,0.06626706438645344,224,4.0,20
EUW1,PC2,12.4,0.06668649328700353,224,4.0,20
EUW1,PC2,12.5,0.06709307969555389,224,4.0,20
EUW1,PC2,12.600000000000001,0.06748464235073437,224,4.0,20
EUW1,PC2,12.700000000000001,0.06785903775965782,224,4.0,20
EUW1,PC2,12.8,0.06821418323837479,224,4.0,20
EUW1,PC2,12.9,0.06854807830616053,224,4.0,20
EUW1,PC2,13.0,0.06885882402658113,224,4.0,20
EUW1,PC2,13.100000000000001,0.0691446399426872,224,4.0,20
EUW1,PC2,13.200000000000001,0.06940387831863881,224,4.0,20
EUW1,PC2,13.3,0.0696350354736821,224,4.0,20
EUW1,PC2,13.4,0.0698367600743837,224,4.0,20
EUW1,PC2,13.5,0.0700078583347831,224,4.0,20
EUW1,PC2,13.600000000000001,0.0701472961588303,224,4.0,20
EUW1,PC2,13.700000000000001,0.07025419834223708,224,4.0,20
EUW1,PC2,13.8,0.0703278450288164,224,4.0,20
EUW1,PC2,13.9,0.07036766568681616,224,4.0,20
EUW1,PC2,14.0,0.07037323093125263,224,4.0,20
EUW1,PC2,14.100000000000001,0.07034424256679632,224,4.0,20
EUW1,PC2,14.200000000000001,0.07028052226082672,224,4.0,20
EUW1,PC2,14.3,0.07018199927686966,224,4.0,20
EUW1,PC2,14.4,0.07004869770437747,224,4.0,20
EUW1,PC2,14.5,0.06988072361192305,224,4.0,20
EUW1,PC2,14.600000000000001,0.06967825252815288,224,4.0,20
EUW1,PC2,14.700000000000001,0.06944151761961317,224,4.0,20
EUW1,PC2,14.8,0.06917079888862178,224,4.0,20
EUW1,PC2,14.9,0.06886641365986428,224,4.0,20
EUW1,PC2,15.0,0.06852870856375916,224,4.0,20
EUW1,PC2,15.100000000000001,0.06815805316041883,224,4.0,20
EUW1,PC2,15.200000000000001,0.0677548352827966,224,4.0,20
EUW1,PC2,15.3,0.06731945811382765,224,4.0,20
EUW1,PC2,15.4,0.06685233895231017,224,4.0,20
EUW1,PC2,15.5,0.06635390956790395,224,4.0,20
EUW1,PC2,15.600000000000001,0.06582461799855838,224,4.0,20
EUW1,PC2,15.700000000000001,0.06526493160511965,224,4.0,20
EUW1,PC2,15.8,0.06467534116856664,224,4.0,20
EUW1,PC2,15.9,0.0640563657956207,224,4.0,20
EUW1,PC2,16.0,0.0634085583882677,224,4.0,20
EUW1,PC2,16.1,0.06273251143156189,224,4.0,20
EUW1,PC2,16.2,0.06202886286115412,224,4.0,20
EUW1,PC2,16.3,0.06129830178625632,224,4.0,20
EUW1,PC2,16.400000000000002,0.060541573863987445,224,4.0,20
EUW1,PC2,16.5,0.059759486145890765,224,4.0,20
EUW1,PC2,16.6,0.0589529112454882,224,4.0,20
EUW1,PC2,16.7,0.058122790705681084,224,4.0,20
EUW1,PC2,16.8,0.05727013747533556,224,4.0,20
EUW1,PC2,16.900000000000002,0.056396037434370654,224,4.0,20
EUW1,PC2,17.0,0.055501649935102315,224,4.0,20
EUW1,PC2,17.1,0.054588207353709735,224,4.0,20
EUW1,PC2,17.2,0.05365701366888177,224,4.0,20
EUW1,PC2,17.3,0.05270944210458459,224,4.0,20
EUW1,PC2,17.400000000000002,0.051746931890268105,224,4.0,20
EUW1,PC2,17.5,0.05077098420467048,224,4.0,20
EUW1,PC2,17.6,0.04978315737881329,224,4.0,20
EUW1,PC2,17.7,0.04878506144005622,224,4.0,20
EUW1,PC2,17.8,0.04777835208253254,224,4.0,20
EUW1,PC2,17.900000000000002,0.046764724150334454,224,4.0,20
EUW1,PC2,18.0,0.04574590471888984,224,4.0,20
EUW1,PC2,18.1,0.044723645857531726,224,4.0,20
EUW1,PC2,18.2,0.043699717152738876,224,4.0,20
EUW1,PC2,18.3,0.042675898067326974,224,4.0,20
EUW1,PC2,18.400000000000002,0.04165397020635625,224,4.0,20
EUW1,PC2,18.5,0.040635709555975626,224,4.0,20
EUW1,PC2,18.6,0.039622878757090765,224,4.0,20
EUW1,PC2,18.7,0.03861721947176869,224,4.0,20
EUW1,PC2,18.8,0.037620444896770175,224,4.0,20
EUW1,PC2,18.900000000000002,0.03663423247555719,224,4.0,20
EUW1,PC2,19.0,0.03566021685751558,224,4.0,20
EUW1,PC2,19.1,0.034699983150882074,224,4.0,20
EUW1,PC2,19.200000000000003,0.03375506051384105,224,4.0,20
EUW1,PC2,19.3,0.03282691612630789,224,4.0,20
EUW1,PC2,19.400000000000002,0.03191694958287828,224,4.0,20
EUW1,PC2,19.5,0.03102648774512304,224,4.0,20
EUW1,PC2,19.6,0.030156780088689578,224,4.0,20
EUW1,PC2,19.700000000000003,0.029308994577400868,224,4.0,20
EUW1,PC2,19.8,0.028484214092608373,224,4.0,20
EUW1,PC2,19.900000000000002,0.027683433441400097,224,4.0,20
EUW1,PC2,20.0,0.026907556961863505,224,4.0,20
EUW1,PC2,20.1,0.02615739673748481,224,4.0,20
EUW1,PC2,20.200000000000003,0.02543367142600983,224,4.0,20
EUW1,PC2,20.3,0.02473700570081847,224,4.0,20
EUW1,PC2,20.400000000000002,0.024067930295239817,224,4.0,20
EUW1,PC2,20.5,0.023426882632458755,224,4.0,20
EUW1,PC2,20.6,0.02281420801595825,224,4.0,20
EUW1,PC2,20.700000000000003,0.022230161348050365,224,4.0,20
EUW1,PC2,20.8,0.02167490933720839,224,4.0,20
EUW1,PC2,20.900000000000002,0.02114853314886586,224,4.0,20
EUW1,PC2,21.0,0.02065103144930857,224,4.0,20
EUW1,PC2,21.1,0.020182323788439687,224,4.0,20
EUW1,PC2,21.200000000000003,0.01974225426470036,224,4.0,20
EUW1,PC2,21.3,0.019330595414376487,224,4.0,20
EUW1,PC2,21.400000000000002,0.018947052267977934,224,4.0,20
EUW1,PC2,21.5,0.01859126651833332,224,4.0,20
EUW1,PC2,21.6,0.01826282074845523,224,4.0,20
EUW1,PC2,21.700000000000003,0.01796124267198885,224,4.0,20
EUW1,PC2,21.8,0.017686009345010908,224,4.0,20
EUW1,PC2,21.900000000000002,0.017436551314901662,224,4.0,20
EUW1,PC2,22.0,0.017212256679739836,224,4.0,20
EUW1,PC2,22.1,0.017012475039913162,224,4.0,20
EUW1,PC2,22.200000000000003,0.016836521332121684,224,4.0,20
EUW1,PC2,22.3,0.016683679544392864,224,4.0,20
EUW1,PC2,22.400000000000002,0.01655320631884487,224,4.0,20
EUW1,PC2,22.5,0.0164443344564511,224,4.0,20
EUW1,PC2,22.6,0.016356276344716928,224,4.0,20
EUW1,PC2,22.700000000000003,0.0162882273347442,224,4.0,20
EUW1,PC2,22.8,0.01623936909842171,224,4.0,20
EUW1,PC2,22.900000000000002,0.016208872999271193,224,4.0,20
EUW1,PC2,23.0,0.016195903511662547,224,4.0,20
EUW1,PC2,23.1,0.01619962172259731,224,4.0,20
EUW1,PC2,23.200000000000003,0.016219188947998252,224,4.0,20
EUW1,PC2,23.3,0.016253770491432343,224,4.0,20
EUW1,PC2,23.400000000000002,0.016302539567480373,224,4.0,20
EUW1,PC2,23.5,0.016364681404642752,224,4.0,20
EUW1,PC2,23.6,0.016439397533879182,224,4.0,20
EUW1,PC2,23.700000000000003,0.016525910258811994,224,4.0,20
EUW1,PC2,23.8,0.016623467292514967,224,4.0,20
EUW1,PC2,23.900000000000002,0.016731346533946197,224,4.0,20
JP1,PC1,0.0,0.04452619562353014,712,4.0,20
JP1,PC1,0.1,0.04395473283949153,712,4.0,20
JP1,PC1,0.2,0.043386877658241896,712,4.0,20
JP1,PC1,0.30000000000000004,0.04282471029892586,712,4.0,20
JP1,PC1,0.4,0.042270239012352946,712,4.0,20
JP1,PC1,0.5,0.041725393189934526,712,4.0,20
JP1,PC1,0.6000000000000001,0.04119201795682675,712,4.0,20
JP1,PC1,0.7000000000000001,0.04067187029115119,712,4.0,20
JP1,PC1,0.8,0.04016661667415292,712,4.0,20
JP1,PC1,0.9,0.03967783223857648,712,4.0,20
JP1,PC1,1.0,0.03920700134546417,712,4.0,20
JP1,PC1,1.1,0.03875551948407492,712,4.0,20
JP1,PC1,1.2000000000000002,0.03832469635671902,712,4.0,20
JP1,PC1,1.3,0.03791575998096477,712,4.0,20
JP1,PC1,1.4000000000000001,0.03752986161675594,712,4.0,20
JP1,PC1,1.5,0.037168081306208245,712,4.0,20
JP1,PC1,1.6,0.036831433799793596,712,4.0,20
JP1,PC1,1.7000000000000002,0.03652087463466695,712,4.0,20
JP1,PC1,1.8,0.036237306129239845,712,4.0,20
JP1,PC1,1.9000000000000001,0.03598158306277097,712,4.0,20
JP1,PC1,2.0,0.0357545178195467,712,4.0,20
JP1,PC1,2.1,0.03555688479380338,712,4.0,20
JP1,PC1,2.2,0.03538942387337865,712,4.0,20
JP1,PC1,2.3000000000000003,0.03525284284650801,712,4.0,20
JP1,PC1,2.4000000000000004,0.035147818606428335,712,4.0,20
JP1,PC1,2.5,0.03507499706165364,712,4.0,20
JP1,PC1,2.6,0.035034991695035225,712,4.0,20
JP1,PC1,2.7,0.035028380751074985,712,4.0,20
JP1,PC1,2.8000000000000003,0.035055703067500256,712,4.0,20
JP1,PC1,2.9000000000000004,0.0351174526029411,712,4.0,20
JP1,PC1,3.0,0.035214071746845314,712,4.0,20
JP1,PC1,3.1,0.035345943529770066,712,4.0,20
JP1,PC1,3.2,0.035513382881241784,712,4.0,20
JP1,PC1,3.3000000000000003,0.0357166271079196,712,4.0,20
JP1,PC1,3.4000000000000004,0.0359558257863791,712,4.0,20
JP1,PC1,3.5,0.036231030282105975,712,4.0,20
JP1,PC1,3.6,0.036542183119007865,712,4.0,20
JP1,PC1,3.7,0.03688910743176734,712,4.0,20
JP1,PC1,3.8000000000000003,0.03727149673660783,712,4.0,20
JP1,PC1,3.9000000000000004,0.03768890525454291,712,4.0,20
JP1,PC1,4.0,0.038140739015014115,712,4.0,20
JP1,PC1,4.1000000000000005,0.038626247957143665,712,4.0,20
JP1,PC1,4.2,0.039144519230841564,712,4.0,20
JP1,PC1,4.3,0.03969447188097468,712,4.0,20
JP1,PC1,4.4,0.04027485307504166,712,4.0,20
JP1,PC1,4.5,0.04088423600867235,712,4.0,20
JP1,PC1,4.6000000000000005,0.04152101959420779,712,4.0,20
JP1,PC1,4.7,0.04218343000610409,712,4.0,20
JP1,PC1,4.800000000000001,0.04286952412348676,712,4.0,20
JP1,PC1,4.9,0.0435771948754755,712,4.0,20
JP1,PC1,5.0,0.04430417845957703,712,4.0,20
JP1,PC1,5.1000000000000005,0.045048063368241874,712,4.0,20
JP1,PC1,5.2,0.04580630112438438,712,4.0,20
JP1,PC1,5.300000000000001,0.04657621859409688,712,4.0,20
JP1,PC1,5.4,0.04735503171478998,712,4.0,20
JP1,PC1,5.5,0.04813986045039846,712,4.0,20
JP1,PC1,5.6000000000000005,0.04892774476290722,712,4.0,20
JP1,PC1,5.7,0.049715661372014476,712,4.0,20
JP1,PC1,5.800000000000001,0.05050054106289645,712,4.0,20
JP1,PC1,5.9,0.051279286296274124,712,4.0,20
JP1,PC1,6.0,0.05204878887564774,712,4.0,20
JP1,PC1,6.1000000000000005,0.05280594743379734,712,4.0,20
JP1,PC1,6.2,0.0535476845143714,712,4.0,20
JP1,PC1,6.300000000000001,0.05427096304428395,712,4.0,20
JP1,PC1,6.4,0.05497280201815672,712,4.0,20
JP1,PC1,6.5,0.05565029124638291,712,4.0,20
JP1,PC1,6.6000000000000005,0.056300605052535015,712,4.0,20
JP1,PC1,6.7,0.05692101484258524,712,4.0,20
JP1,PC1,6.800000000000001,0.0575089005063912,712,4.0,20
JP1,PC1,6.9,0.058061760649661134,712,4.0,20
JP1,PC1,7.0,0.058577221690649266,712,4.0,20
JP1,PC1,7.1000000000000005,0.05905304588866247,712,4.0,20
JP1,PC1,7.2,0.05948713839969546,712,4.0,20
JP1,PC1,7.300000000000001,0.05987755347692528,712,4.0,20
JP1,PC1,7.4,0.060222499949378894,712,4.0,20
JP1,PC1,7.5,0.0605203461201116,712,4.0,20
JP1,PC1,7.6000000000000005,0.06076962422529339,712,4.0,20
JP1,PC1,7.7,0.06096903458764028,712,4.0,20
JP1,PC1,7.800000000000001,0.06111744958196257,712,4.0,20
JP1,PC1,7.9,0.06121391750790764,712,4.0,20
JP1,PC1,8.0,0.061257666436268184,712,4.0,20
JP1,PC1,8.1,0.06124810806182691,712,4.0,20
JP1,PC1,8.200000000000001,0.06118484155917826,712,4.0,20
JP1,PC1,8.3,0.06106765740004809,712,4.0,20
JP1,PC1,8.4,0.06089654105315555,712,4.0,20
JP1,PC1,8.5,0.060671676452477244,712,4.0,20
JP1,PC1,8.6,0.06039344908864398,712,4.0,20
JP1,PC1,8.700000000000001,0.060062448552731594,712,4.0,20
JP1,PC1,8.8,0.059679470343260745,712,4.0,20
JP1,PC1,8.9,0.05924551673684814,712,4.0,20
JP1,PC1,9.0,0.05876179652135147,712,4.0,20
JP1,PC1,9.1,0.058229723397823785,712,4.0,20
JP1,PC1,9.200000000000001,0.057650912874037334,712,4.0,20
JP1,PC1,9.3,0.0570271774972511,712,4.0,20
JP1,PC1,9.4,0.056360520306404975,712,4.0,20
JP1,PC1,9.5,0.05565312642282532,712,4.0,20
JP1,PC1,9.600000000000001,0.05490735274234923,712,4.0,20
JP1,PC1,9.700000000000001,0.05412571573885459,712,4.0,20
JP1,PC1,9.8,0.053310877437735556,712,4.0,20
JP1,PC1,9.9,0.052465629666077804,712,4.0,20
JP1,PC1,10.0,0.0515928767324,712,4.0,20
JP1,PC1,10.100000000000001,0.05069561673120473,712,4.0,20
JP1,PC1,10.200000000000001,0.04977692170478405,712,4.0,20
JP1,PC1,10.3,0.04883991692556778,712,4.0,20
JP1,PC1,10.4,0.04788775958588806,712,4.0,20
JP1,PC1,10.5,0.04692361719778764,712,4.0,20
JP1,PC1,10.600000000000001,0.04595064601316152,712,4.0,20
JP1,PC1,10.700000000000001,0.04497196977415522,712,4.0,20
JP1,PC1,10.8,0.04399065909569315,712,4.0,20
JP1,PC1,10.9,0.04300971176688267,712,4.0,20
JP1,PC1,11.0,0.04203203423664378,712,4.0,20
JP1,PC1,11.100000000000001,0.04106042452221705,712,4.0,20
JP1,PC1,11.200000000000001,0.04009755674827281,712,4.0,20
JP1,PC1,11.3,0.039145967490292186,712,4.0,20
JP1,PC1,11.4,0.038208044059827584,712,4.0,20
JP1,PC1,11.5,0.03728601483222767,712,4.0,20
JP1,PC1,11.600000000000001,0.0363819416804012,712,4.0,20
JP1,PC1,11.700000000000001,0.03549771454204415,712,4.0,20
JP1,PC1,11.8,0.034635048113184075,712,4.0,20
JP1,PC1,11.9,0.03379548062847675,712,4.0,20
JP1,PC1,12.0,0.032980374658858114,712,4.0,20
JP1,PC1,12.100000000000001,0.03219091983020706,712,4.0,20
JP1,PC1,12.200000000000001,0.031428137342799,712,4.0,20
JP1,PC1,12.3,0.03069288615060677,712,4.0,20
JP1,PC1,12.4,0.029985870641950046,712,4.0,20
JP1,PC1,12.5,0.029307649648556405,712,4.0,20
JP1,PC1,12.600000000000001,0.028658646598704422,712,4.0,20
JP1,PC1,12.700000000000001,0.028039160621673005,712,4.0,20
JP1,PC1,12.8,0.027449378405128854,712,4.0,20
JP1,PC1,12.9,0.02688938660425137,712,4.0,20
JP1,PC1,13.0,0.02635918460124385,712,4.0,20
JP1,PC1,13.100000000000001,0.025858697416336292,712,4.0,20
JP1,PC1,13.200000000000001,0.025387788576382627,712,4.0,20
JP1,PC1,13.3,0.024946272754618477,712,4.0,20
JP1,PC1,13.4,0.024533928004989807,712,4.0,20
JP1,PC1,13.5,0.02415050742657407,712,4.0,20
JP1,PC1,13.600000000000001,0.023795750107846313,712,4.0,20
JP1,PC1,13.700000000000001,0.023469391216704133,712,4.0,20
JP1,PC1,13.8,0.023171171120014433,712,4.0,20
JP1,PC1,13.9,0.022900843435694,712,4.0,20
JP1,PC1,14.0,0.022658181940642112,712,4.0,20
JP1,PC1,14.100000000000001,0.02244298627882657,712,4.0,20
JP1,PC1,14.200000000000001,0.022255086435065838,712,4.0,20
JP1,PC1,14.3,0.022094345961115775,712,4.0,20
JP1,PC1,14.4,0.021960663961116747,712,4.0,20
JP1,PC1,14.5,0.02185397586285858,712,4.0,20
JP1,PC1,14.600000000000001,0.021774253019278447,712,4.0,20
JP1,PC1,14.700000000000001,0.021721501200768212,712,4.0,20
JP1,PC1,14.8,0.021695758052943197,712,4.0,20
JP1,PC1,14.9,0.021697089606297095,712,4.0,20
JP1,PC1,15.0,0.021725585933503076,712,4.0,20
JP1,PC1,15.100000000000001,0.021781356056970833,712,4.0,20
JP1,PC1,15.200000000000001,0.021864522213671047,712,4.0,20
JP1,PC1,15.3,0.021975213586312454,712,4.0,20
JP1,PC1,15.4,0.022113559609894806,712,4.0,20
JP1,PC1,15.5,0.022279682960717934,712,4.0,20
JP1,PC1,15.600000000000001,0.022473692331402957,712,4.0,20
JP1,PC1,15.700000000000001,0.02269567509070608,712,4.0,20
JP1,PC1,15.8,0.02294568992122096,712,4.0,20
JP1,PC1,15.9,0.023223759521807552,712,4.0,20
JP1,PC1,16.0,0.023529863455068648,712,4.0,20
JP1,PC1,16.1,0.023863931213697235,712,4.0,20
JP1,PC1,16.2,0.024225835573267768,712,4.0,20
JP1,PC1,16.3,0.024615386293214536,712,4.0,20
JP1,PC1,16.400000000000002,0.02503232422243939,712,4.0,20
JP1,PC1,16.5,0.025476315861267567,712,4.0,20
JP1,PC1,16.6,0.02594694842730537,712,4.0,20
JP1,PC1,16.7,0.026443725469076116,712,4.0,20
JP1,PC1,16.8,0.0269660630680031,712,4.0,20
JP1,PC1,16.900000000000002,0.027513286666206064,712,4.0,20
JP1,PC1,17.0,0.028084628554505362,712,4.0,20
JP1,PC1,17.1,0.028679226051784166,712,4.0,20
JP1,PC1,17.2,0.02929612040325402,712,4.0,20
JP1,PC1,17.3,0.029934256421024267,712,4.0,20
JP1,PC1,17.400000000000002,0.030592482885540805,712,4.0,20
JP1,PC1,17.5,0.03126955372082584,712,4.0,20
JP1,PC1,17.6,0.031964129949953,712,4.0,20
JP1,PC1,17.7,0.03267478242982474,712,4.0,20
JP1,PC1,17.8,0.03339999535613568,712,4.0,20
JP1,PC1,17.900000000000002,0.03413817052051258,712,4.0,20
JP1,PC1,18.0,0.03488763229239578,712,4.0,20
JP1,PC1,18.1,0.03564663328848605,712,4.0,20
JP1,PC1,18.2,0.03641336068279819,712,4.0,20
JP1,PC1,18.3,0.03718594310084407,712,4.0,20
JP1,PC1,18.400000000000002,0.03796245803253559,712,4.0,20
JP1,PC1,18.5,0.038740939690401495,712,4.0,20
JP1,PC1,18.6,0.039519387232967065,712,4.0,20
JP1,PC1,18.7,0.04029577326797361,712,4.0,20
JP1,PC1,18.8,0.04106805254677653,712,4.0,20
JP1,PC1,18.900000000000002,0.041834170759973484,712,4.0,20
JP1,PC1,19.0,0.04259207334522662,712,4.0,20
JP1,PC1,19.1,0.04333971422142056,712,4.0,20
JP1,PC1,19.200000000000003,0.04407506436872365,712,4.0,20
JP1,PC1,19.3,0.0447961201816832,712,4.0,20
JP1,PC1,19.400000000000002,0.04550091153197906,712,4.0,20
JP1,PC1,19.5,0.04618750948859731,712,4.0,20
JP1,PC1,19.6,0.046854033655588934,712,4.0,20
JP1,PC1,19.700000000000003,0.047498659100806175,712,4.0,20
JP1,PC1,19.8,0.04811962286257043,712,4.0,20
JP1,PC1,19.900000000000002,0.04871523003458678,712,4.0,20
JP1,PC1,20.0,0.049283859442045774,712,4.0,20
JP1,PC1,20.1,0.049823968933212226,712,4.0,20
JP1,PC1,20.200000000000003,0.05033410032039909,712,4.0,20
JP1,PC1,20.3,0.050812884011626695,712,4.0,20
JP1,PC1,20.400000000000002,0.051259043379113675,712,4.0,20
JP1,PC1,20.5,0.051671398912775245,712,4.0,20
JP1,PC1,20.6,0.05204887220596645,712,4.0,20
JP1,PC1,20.700000000000003,0.0523904898167691,712,4.0,20
JP1,PC1,20.8,0.052695387041281475,712,4.0,20
JP1,PC1,20.900000000000002,0.05296281162584239,712,4.0,20
JP1,PC1,21.0,0.05319212743324871,712,4.0,20
JP1,PC1,21.1,0.053382818064250354,712,4.0,20
JP1,PC1,21.200000000000003,0.05353449042046549,712,4.0,20
JP1,PC1,21.3,0.05364687817896108,712,4.0,20
JP1,PC1,21.400000000000002,0.05371984513274368,712,4.0,20
JP1,PC1,21.5,0.05375338833598814,712,4.0,20
JP1,PC1,21.6,0.05374764097866994,712,4.0,20
JP1,PC1,21.700000000000003,0.053702874903018484,712,4.0,20
JP1,PC1,21.8,0.053619502664464996,712,4.0,20
JP1,PC1,21.900000000000002,0.05349807903304755,712,4.0,20
JP1,PC1,22.0,0.05333930182798249,712,4.0,20
JP1,PC1,22.1,0.053144011978630466,712,4.0,20
JP1,PC1,22.200000000000003,0.05291319270957172,712,4.0,20
JP1,PC1,22.3,0.05264796775601197,712,4.0,20
JP1,PC1,22.400000000000002,0.05234959852819671,712,4.0,20
JP1,PC1,22.5,0.05201948015969843,712,4.0,20
JP1,PC1,22.6,0.05165913639401816,712,4.0,20
JP1,PC1,22.700000000000003,0.05127021328644382,712,4.0,20
JP1,PC1,22.8,0.05085447172295414,712,4.0,20
JP1,PC1,22.900000000000002,0.050413778784485636,712,4.0,20
JP1,PC1,23.0,0.049950098012341376,712,4.0,20
JP1,PC1,23.1,0.049465478658120385,712,4.0,20
JP1,PC1,23.200000000000003,0.04896204402845469,712,4.0,20
JP1,PC1,23.3,0.04844197906022239,712,4.0,20
JP1,PC1,23.400000000000002,0.04790751728493981,712,4.0,20
JP1,PC1,23.5,0.04736092736095318,712,4.0,20
JP1,PC1,23.6,0.04680449936813599,712,4.0,20
JP1,PC1,23.700000000000003,0.0462405310714462,712,4.0,20
JP1,PC1,23.8,0.04567131436639466,712,4.0,20
JP1,PC1,23.900000000000002,0.0450991221208601,712,4.0,20
JP1,PC2,0.0,0.038772023066255136,759,4.0,20
JP1,PC2,0.1,0.03803723861688445,759,4.0,20
JP1,PC2,0.2,0.03731651758233927,759,4.0,20
JP1,PC2,0.30000000000000004,0.036610754940799344,759,4.0,20
JP1,PC2,0.4,0.03592078460021317,759,4.0,20
JP1,PC2,0.5,0.035247388948417516,759,4.0,20
JP1,PC2,0.6000000000000001,0.034591308242270406,759,4.0,20
JP1,PC2,0.7000000000000001,0.033953249659162944,759,4.0,20
JP1,PC2,0.8,0.03333389584957354,759,4.0,20
JP1,PC2,0.9,0.03273391284649869,759,4.0,20
JP1,PC2,1.0,0.03215395720606863,759,4.0,20
JP1,PC2,1.1,0.0315946822728774,759,4.0,20
JP1,PC2,1.2000000000000002,0.031056743483009016,759,4.0,20
JP1,PC2,1.3,0.0305408026369732,759,4.0,20
JP1,PC2,1.4000000000000001,0.030047531093399256,759,4.0,20
JP1,PC2,1.5,0.029577611852092435,759,4.0,20
JP1,PC2,1.6,0.0291317405117419,759,4.0,20
JP1,PC2,1.7000000000000002,0.02871062510309152,759,4.0,20
JP1,PC2,1.8,0.02831498481273411,759,4.0,20
JP1,PC2,1.9000000000000001,0.027945547625937706,759,4.0,20
JP1,PC2,2.0,0.027603046929184992,759,4.0,20
JP1,PC2,2.1,0.027288217124569778,759,4.0,20
JP1,PC2,2.2,0.027001788319028084,759,4.0,20
JP1,PC2,2.3000000000000003,0.026744480161760467,759,4.0,20
JP1,PC2,2.4000000000000004,0.026516994913268255,759,4.0,20
JP1,PC2,2.5,0.02632000983927558,759,4.0,20
JP1,PC2,2.6,0.026154169032468866,759,4.0,20
JP1,PC2,2.7,0.026020074774409173,759,4.0,20
JP1,PC2,2.8000000000000003,0.02591827855903254,759,4.0,20
JP1,PC2,2.9000000000000004,0.025849271907640945,759,4.0,20
JP1,PC2,3.0,0.025813477112922742,759,4.0,20
JP1,PC2,3.1,0.025811238055987687,759,4.0,20
JP1,PC2,3.2,0.025842811245280813,759,4.0,20
JP1,PC2,3.3000000000000003,0.0259083572291574,759,4.0,20
JP1,PC2,3.4000000000000004,0.02600793253447254,759,4.0,20
JP1,PC2,3.5,0.026141482281415374,759,4.0,20
JP1,PC2,3.6,0.026308833619712355,759,4.0,20
JP1,PC2,3.7,0.0265096901230369,759,4.0,20
JP1,PC2,3.8000000000000003,0.0267436272669008,759,4.0,20
JP1,PC2,3.9000000000000004,0.027010089100496508,759,4.0,20
JP1,PC2,4.0,0.027308386205068876,759,4.0,20
JP1,PC2,4.1000000000000005,0.027637695010717212,759,4.0,20
JP1,PC2,4.2,0.027997058520485882,759,4.0,20
JP1,PC2,4.3,0.028385388465737838,759,4.0,20
JP1,PC2,4.4,0.028801468890757617,759,4.0,20
JP1,PC2,4.5,0.029243961138013228,759,4.0,20
JP1,PC2,4.6000000000000005,0.029711410179276542,759,4.0,20
JP1,PC2,4.7,0.03020225221262915,759,4.0,20
JP1,PC2,4.800000000000001,0.030714823422014238,759,4.0,20
JP1,PC2,4.9,0.031247369775127386,759,4.0,20
JP1,PC2,5.0,0.03179805771768107,759,4.0,20
JP1,PC2,5.1000000000000005,0.03236498560792204,759,4.0,20
JP1,PC2,5.2,0.03294619572509175,759,4.0,20
JP1,PC2,5.300000000000001,0.033539686679507116,759,4.0,20
JP1,PC2,5.4,0.03414342605015605,759,4.0,20
JP1,PC2,5.5,0.03475536307804497,759,4.0,20
JP1,PC2,5.6000000000000005,0.035373441249747846,759,4.0,20
JP1,PC2,5.7,0.03599561061529553,759,4.0,20
JP1,PC2,5.800000000000001,0.036619839697206565,759,4.0,20
JP1,PC2,5.9,0.03724412686249838,759,4.0,20
JP1,PC2,6.0,0.03786651104628396,759,4.0,20
JP1,PC2,6.1000000000000005,0.038485081733374955,759,4.0,20
JP1,PC2,6.2,0.03909798812251384,759,4.0,20
JP1,PC2,6.300000000000001,0.039703447415819826,759,4.0,20
JP1,PC2,6.4,0.040299752193200235,759,4.0,20
JP1,PC2,6.5,0.040885276847389955,759,4.0,20
JP1,PC2,6.6000000000000005,0.04145848306958727,759,4.0,20
JP1,PC2,6.7,0.0420179243881255,759,4.0,20
JP1,PC2,6.800000000000001,0.04256224977315816,759,4.0,20
JP1,PC2,6.9,0.04309020632895736,759,4.0,20
JP1,PC2,7.0,0.04360064110226556,759,4.0,20
JP1,PC2,7.1000000000000005,0.04409250204041994,759,4.0,20
JP1,PC2,7.2,0.04456483813698376,759,4.0,20
JP1,PC2,7.300000000000001,0.045016798805706346,759,4.0,20
JP1,PC2,7.4,0.045447632526149445,759,4.0,20
JP1,PC2,7.5,0.04585668480660507,759,4.0,20
JP1,PC2,7.6000000000000005,0.046243395512294005,759,4.0,20
JP1,PC2,7.7,0.04660729560952184,759,4.0,20
JP1,PC2,7.800000000000001,0.046948003379645796,759,4.0,20
JP1,PC2,7.9,0.04726522016044956,759,4.0,20
JP1,PC2,8.0,0.047558725676816724,759,4.0,20
JP1,PC2,8.1,0.04782837302732296,759,4.0,20
JP1,PC2,8.200000000000001,0.04807408339833644,759,4.0,20
JP1,PC2,8.3,0.04829584058215512,759,4.0,20
JP1,PC2,8.4,0.04849368538029316,759,4.0,20
JP1,PC2,8.5,0.04866770997690476,759,4.0,20
JP1,PC2,8.6,0.04881805237013761,759,4.0,20
JP1,PC2,8.700000000000001,0.048944890950595524,759,4.0,20
JP1,PC2,8.8,0.04904843931575535,759,4.0,20
JP1,PC2,8.9,0.04912894140688252,759,4.0,20
JP1,PC2,9.0,0.04918666705055493,759,4.0,20
JP1,PC2,9.1,0.04922190798025864,759,4.0,20
JP1,PC2,9.200000000000001,0.04923497440468024,759,4.0,20
JP1,PC2,9.3,0.04922619217840349,759,4.0,20
JP1,PC2,9.4,0.04919590061793263,759,4.0,20
JP1,PC2,9.5,0.04914445099160478,759,4.0,20
JP1,PC2,9.600000000000001,0.04907220569638358,759,4.0,20
JP1,PC2,9.700000000000001,0.04897953811816898,759,4.0,20
JP1,PC2,9.8,0.048866833155570284,759,4.0,20
JP1,PC2,9.9,0.048734488370553046,759,4.0,20
JP1,PC2,10.0,0.04858291571346041,759,4.0,20
JP1,PC2,10.100000000000001,0.048412543755090236,759,4.0,20
JP1,PC2,10.200000000000001,0.048223820345206024,759,4.0,20
JP1,PC2,10.3,0.04801721560545567,759,4.0,20
JP1,PC2,10.4,0.047793225155487944,759,4.0,20
JP1,PC2,10.5,0.04755237346435135,759,4.0,20
JP1,PC2,10.600000000000001,0.04729521721521818,759,4.0,20
JP1,PC2,10.700000000000001,0.0470223485702125,759,4.0,20
JP1,PC2,10.8,0.046734398223673,759,4.0,20
JP1,PC2,10.9,0.046432038136517535,759,4.0,20
JP1,PC2,11.0,0.046115983851398486,759,4.0,20
JP1,PC2,11.100000000000001,0.045786996297881744,759,4.0,20
JP1,PC2,11.200000000000001,0.04544588300872907,759,4.0,20
JP1,PC2,11.3,0.04509349868224333,759,4.0,20
JP1,PC2,11.4,0.04473074504123428,759,4.0,20
JP1,PC2,11.5,0.044358569956127365,759,4.0,20
JP1,PC2,11.600000000000001,0.04397796581768751,759,4.0,20
JP1,PC2,11.700000000000001,0.04358996716336065,759,4.0,20
JP1,PC2,11.8,0.04319564757992486,759,4.0,20
JP1,PC2,11.9,0.04279611592356348,759,4.0,20
JP1,PC2,12.0,0.0423925119161932,759,4.0,20
JP1,PC2,12.100000000000001,0.04198600119347748,759,4.0,20
JP1,PC2,12.200000000000001,0.04157776989502175,759,4.0,20
JP1,PC2,12.3,0.041169018900394885,759,4.0,20
JP1,PC2,12.4,0.04076095782549794,759,4.0,20
JP1,PC2,12.5,0.0403547989020867,759,4.0,20
JP1,PC2,12.600000000000001,0.03995175086868446,759,4.0,20
JP1,PC2,12.700000000000001,0.039553013003474365,759,4.0,20
JP1,PC2,12.8,0.039159769428887825,759,4.0,20
JP1,PC2,12.9,0.0387731838134142,759,4.0,20
JP1,PC2,13.0,0.03839439458863473,759,4.0,20
JP1,PC2,13.100000000000001,0.038024510788688404,759,4.0,20
JP1,PC2,13.200000000000001,0.037664608605447465,759,4.0,20
JP1,PC2,13.3,0.037315728735832526,759,4.0,20
JP1,PC2,13.4,0.03697887457822611,759,4.0,20
JP1,PC2,13.5,0.036655011313220784,759,4.0,20
JP1,PC2,13.600000000000001,0.036345065880404405,759,4.0,20
JP1,PC2,13.700000000000001,0.036049927838049826,759,4.0,20
JP1,PC2,13.8,0.035770451067002405,759,4.0,20
JP1,PC2,13.9,0.03550745625435925,759,4.0,20
JP1,PC2,14.0,0.03526173406735423,759,4.0,20
JP1,PC2,14.100000000000001,0.035034048903872794,759,4.0,20
JP1,PC2,14.200000000000001,0.03482514308389301,759,4.0,20
JP1,PC2,14.3,0.034635741326549264,759,4.0,20
JP1,PC2,14.4,0.034466555341076524,759,4.0,20
JP1,PC2,14.5,0.03431828834720573,759,4.0,20
JP1,PC2,14.600000000000001,0.03419163933216399,759,4.0,20
JP1,PC2,14.700000000000001,0.03408730684772705,759,4.0,20
JP1,PC2,14.8,0.034005992152106986,759,4.0,20
JP1,PC2,14.9,0.03394840150805447,759,4.0,20
JP1,PC2,15.0,0.03391524746049333,759,4.0,20
JP1,PC2,15.100000000000001,0.03390724893422665,759,4.0,20
JP1,PC2,15.200000000000001,0.03392513001454966,759,4.0,20
JP1,PC2,15.3,0.033969617300611765,759,4.0,20
JP1,PC2,15.4,0.03404143575257706,759,4.0,20
JP1,PC2,15.5,0.03414130298838586,759,4.0,20
JP1,PC2,15.600000000000001,0.03426992202343391,759,4.0,20
JP1,PC2,15.700000000000001,0.03442797248586894,759,4.0,20
JP1,PC2,15.8,0.034616100380471894,759,4.0,20
JP1,PC2,15.9,0.034834906514202256,759,4.0,20
JP1,PC2,16.0,0.03508493373537174,759,4.0,20
JP1,PC2,16.1,0.03536665317500136,759,4.0,20
JP1,PC2,16.2,0.03568044971218827,759,4.0,20
JP1,PC2,16.3,0.03602660691430541,759,4.0,20
JP1,PC2,16.400000000000002,0.03640529172673173,759,4.0,20
JP1,PC2,16.5,0.03681653920485371,759,4.0,20
JP1,PC2,16.6,0.03726023759273716,759,4.0,20
JP1,PC2,16.7,0.037736114057770574,759,4.0,20
JP1,PC2,16.8,0.038243721388554745,759,4.0,20
JP1,PC2,16.900000000000002,0.038782425954369454,759,4.0,20
JP1,PC2,17.0,0.03935139720891483,759,4.0,20
JP1,PC2,17.1,0.039949598999096815,759,4.0,20
JP1,PC2,17.2,0.04057578291198458,759,4.0,20
JP1,PC2,17.3,0.041228483860432125,759,4.0,20
JP1,PC2,17.400000000000002,0.04190601807106892,759,4.0,20
JP1,PC2,17.5,0.04260648359835913,759,4.0,20
JP1,PC2,17.6,0.04332776344618752,759,4.0,20
JP1,PC2,17.7,0.04406753133495955,759,4.0,20
JP1,PC2,17.8,0.04482326010849694,759,4.0,20
JP1,PC2,17.900000000000002,0.04559223273201065,759,4.0,20
JP1,PC2,18.0,0.04637155579102252,759,4.0,20
JP1,PC2,18.1,0.0471581753620582,759,4.0,20
JP1,PC2,18.2,0.047948895089925565,759,4.0,20
JP1,PC2,18.3,0.048740396273968624,759,4.0,20
JP1,PC2,18.400000000000002,0.049529259737268086,759,4.0,20
JP1,PC2,18.5,0.0503119892286513,759,4.0,20
JP1,PC2,18.6,0.051085036087743604,759,4.0,20
JP1,PC2,18.7,0.0518448248882187,759,4.0,20
JP1,PC2,18.8,0.05258777976385732,759,4.0,20
JP1,PC2,18.900000000000002,0.05331035111589396,759,4.0,20
JP1,PC2,19.0,0.05400904239825333,759,4.0,20
JP1,PC2,19.1,0.05468043667943031,759,4.0,20
JP1,PC2,19.200000000000003,0.055321222685698,759,4.0,20
JP1,PC2,19.3,0.05592822003976521,759,4.0,20
JP1,PC2,19.400000000000002,0.05649840342166005,759,4.0,20
JP1,PC2,19.5,0.05702892539420539,759,4.0,20
JP1,PC2,19.6,0.057517137653687066,759,4.0,20
JP1,PC2,19.700000000000003,0.057960610486910494,759,4.0,20
JP1,PC2,19.8,0.0583571502385242,759,4.0,20
JP1,PC2,19.900000000000002,0.05870481461697613,759,4.0,20
JP1,PC2,20.0,0.05900192569349273,759,4.0,20
JP1,PC2,20.1,0.059247080475752424,759,4.0,20
JP1,PC2,20.200000000000003,0.05943915896618853,759,4.0,20
JP1,PC2,20.3,0.059577329643817276,759,4.0,20
JP1,PC2,20.400000000000002,0.059661052337858365,759,4.0,20
JP1,PC2,20.5,0.05969007849090363,759,4.0,20
JP1,PC2,20.6,0.05966444883869945,759,4.0,20
JP1,PC2,20.700000000000003,0.05958448856243975,759,4.0,20
JP1,PC2,20.8,0.05945079999752347,759,4.0,20
JP1,PC2,20.900000000000002,0.05926425300971717,759,4.0,20
JP1,PC2,21.0,0.059025973175293664,759,4.0,20
JP1,PC2,21.1,0.058737327925710354,759,4.0,20
JP1,PC2,21.200000000000003,0.05839991083948096,759,4.0,20
JP1,PC2,21.3,0.05801552428382335,759,4.0,20
JP1,PC2,21.400000000000002,0.057586160626198264,759,4.0,20
JP1,PC2,21.5,0.057113982250759,759,4.0,20
JP1,PC2,21.6,0.05660130062680872,759,4.0,20
JP1,PC2,21.700000000000003,0.05605055468541793,759,4.0,20
JP1,PC2,21.8,0.055464288766225486,759,4.0,20
JP1,PC2,21.900000000000002,0.05484513039898831,759,4.0,20
JP1,PC2,22.0,0.05419576818354814,759,4.0,20
JP1,PC2,22.1,0.053518930027464134,759,4.0,20
JP1,PC2,22.200000000000003,0.05281736199258621,759,4.0,20
JP1,PC2,22.3,0.05209380799031951,759,4.0,20
JP1,PC2,22.400000000000002,0.051350990550324355,759,4.0,20
JP1,PC2,22.5,0.05059159286903245,759,4.0,20
JP1,PC2,22.6,0.049818242322832815,759,4.0,20
JP1,PC2,22.700000000000003,0.04903349560636311,759,4.0,20
JP1,PC2,22.8,0.04823982562936603,759,4.0,20
JP1,PC2,22.900000000000002,0.04743961027646602,759,4.0,20
JP1,PC2,23.0,0.046635123103465875,759,4.0,20
JP1,PC2,23.1,0.04582852601191391,759,4.0,20
JP1,PC2,23.200000000000003,0.04502186391135158,759,4.0,20
JP1,PC2,23.3,0.04421706134646073,759,4.0,20
JP1,PC2,23.400000000000002,0.043415921034947916,759,4.0,20
JP1,PC2,23.5,0.04262012423209382,759,4.0,20
JP1,PC2,23.6,0.04183123281009071,759,4.0,20
JP1,PC2,23.700000000000003,0.04105069291518921,759,4.0,20
JP1,PC2,23.8,0.04027984004379331,759,4.0,20
JP1,PC2,23.900000000000002,0.03951990536042489,759,4.0,20
LA1,PC1,0.0,0.054441198130382513,93,4.0,20
LA1,PC1,0.1,0.054923259441950124,93,4.0,20
LA1,PC1,0.2,0.05538891893528951,93,4.0,20
LA1,PC1,0.30000000000000004,0.05583701605419542,93,4.0,20
LA1,PC1,0.4,0.05626634229400741,93,4.0,20
LA1,PC1,0.5,0.05667563464209647,93,4.0,20
LA1,PC1,0.6000000000000001,0.057063571707842826,93,4.0,20
LA1,PC1,0.7000000000000001,0.0574287727198302,93,4.0,20
LA1,PC1,0.8,0.05776979950944695,93,4.0,20
LA1,PC1,0.9,0.058085161538327296,93,4.0,20
LA1,PC1,1.0,0.05837332396300879,93,4.0,20
LA1,PC1,1.1,0.05863271866482275,93,4.0,20
LA1,PC1,1.2000000000000002,0.058861758107467396,93,4.0,20
LA1,PC1,1.3,0.05905885182010898,93,4.0,20
LA1,PC1,1.4000000000000001,0.05922242524145898,93,4.0,20
LA1,PC1,1.5,0.059350940601380846,93,4.0,20
LA1,PC1,1.6,0.05944291946251665,93,4.0,20
LA1,PC1,1.7000000000000002,0.0594969664965172,93,4.0,20
LA1,PC1,1.8,0.05951179402899821,93,4.0,20
LA1,PC1,1.9000000000000001,0.05948624685554069,93,4.0,20
LA1,PC1,2.0,0.059419326808991445,93,4.0,20
LA1,PC1,2.1,0.059310216546915984,93,4.0,20
LA1,PC1,2.2,0.05915830202801186,93,4.0,20
LA1,PC1,2.3000000000000003,0.0589631931580508,93,4.0,20
LA1,PC1,2.4000000000000004,0.05872474210963678,93,4.0,20
LA1,PC1,2.5,0.058443058855578295,93,4.0,20
LA1,PC1,2.6,0.058118523502484594,93,4.0,20
LA1,PC1,2.7,0.05775179506847033,93,4.0,20
LA1,PC1,2.8000000000000003,0.057343816415436594,93,4.0,20
LA1,PC1,2.9000000000000004,0.05689581512082616,93,4.0,20
LA1,PC1,3.0,0.05640930015430243,93,4.0,20
LA1,PC1,3.1,0.05588605430952861,93,4.0,20
LA1,PC1,3.2,0.05532812242802546,93,4.0,20
LA1,PC1,3.3000000000000003,0.05473779553876279,93,4.0,20
LA1,PC1,3.4000000000000004,0.05411759112147533,93,4.0,20
LA1,PC1,3.5,0.053470229781516644,93,4.0,20
LA1,PC1,3.6,0.052798608697335554,93,4.0,20
LA1,PC1,3.7,0.052105772266522694,93,4.0,20
LA1,PC1,3.8000000000000003,0.05139488043123825,93,4.0,20
LA1,PC1,3.9000000000000004,0.05066917520740584,93,4.0,20
LA1,PC1,4.0,0.04993194597340476,93,4.0,20
LA1,PC1,4.1000000000000005,0.04918649409255652,93,4.0,20
LA1,PC1,4.2,0.04843609744931272,93,4.0,20
LA1,PC1,4.3,0.047683975471941274,93,4.0,20
LA1,PC1,4.4,0.04693325519527899,93,4.0,20
LA1,PC1,4.5,0.04618693888672308,93,4.0,20
LA1,PC1,4.6000000000000005,0.04544787371832958,93,4.0,20
LA1,PC1,4.7,0.04471872391917924,93,4.0,20
LA1,PC1,4.800000000000001,0.04400194578675151,93,4.0,20
LA1,PC1,4.9,0.04329976587572357,93,4.0,20
LA1,PC1,5.0,0.04261416261922707,93,4.0,20
LA1,PC1,5.1000000000000005,0.04194685157296563,93,4.0,20
LA1,PC1,5.2,0.04129927440842129,93,4.0,20
LA1,PC1,5.300000000000001,0.04067259171919475,93,4.0,20
LA1,PC1,5.4,0.04006767964563263,93,4.0,20
LA1,PC1,5.5,0.03948513026833046,93,4.0,20
LA1,PC1,5.6000000000000005,0.03892525567159565,93,4.0,20
LA1,PC1,5.7,0.03838809553393264,93,4.0,20
LA1,PC1,5.800000000000001,0.037873428064190535,93,4.0,20
LA1,PC1,5.9,0.03738078406902914,93,4.0,20
LA1,PC1,6.0,0.03690946390940259,93,4.0,20
LA1,PC1,6.1000000000000005,0.03645855708023953,93,4.0,20
LA1,PC1,6.2,0.036026964127690325,93,4.0,20
LA1,PC1,6.300000000000001,0.035613420601445234,93,4.0,20
LA1,PC1,6.4,0.03521652272494829,93,4.0,20
LA1,PC1,6.5,0.0348347544531824,93,4.0,20
LA1,PC1,6.6000000000000005,0.03446651557558091,93,4.0,20
LA1,PC1,6.7,0.03411015051024363,93,4.0,20
LA1,PC1,6.800000000000001,0.033763977424962364,93,4.0,20
LA1,PC1,6.9,0.03342631731083196,93,4.0,20
LA1,PC1,7.0,0.033095522625939976,93,4.0,20
LA1,PC1,7.1000000000000005,0.03277000512055012,93,4.0,20
LA1,PC1,7.2,0.032448262452285395,93,4.0,20
LA1,PC1,7.300000000000001,0.03212890320118714,93,4.0,20
LA1,PC1,7.4,0.03181066990135972,93,4.0,20
LA1,PC1,7.5,0.03149245971937796,93,4.0,20
LA1,PC1,7.6000000000000005,0.031173342430798723,93,4.0,20
LA1,PC1,7.7,0.03085257537584778,93,4.0,20
LA1,PC1,7.800000000000001,0.030529615114233872,93,4.0,20
LA1,PC1,7.9,0.030204125547304672,93,4.0,20
LA1,PC1,8.0,0.02987598233322276,93,4.0,20
LA1,PC1,8.1,0.029545273486874347,93,4.0,20
LA1,PC1,8.200000000000001,0.029212296129739697,93,4.0,20
LA1,PC1,8.3,0.02887754943441337,93,4.0,20
LA1,PC1,8.4,0.0285417238919137,93,4.0,20
LA1,PC1,8.5,0.028205687115066144,93,4.0,20
LA1,PC1,8.6,0.027870466475513143,93,4.0,20
LA1,PC1,8.700000000000001,0.027537228952556583,93,4.0,20
LA1,PC1,8.8,0.027207258646277394,93,4.0,20
LA1,PC1,8.9,0.026881932472460235,93,4.0,20
LA1,PC1,9.0,0.026562694610213603,93,4.0,20
LA1,PC1,9.1,0.02625103031254248,93,4.0,20
LA1,PC1,9.200000000000001,0.025948439713618567,93,4.0,20
LA1,PC1,9.3,0.025656412272704137,93,4.0,20
LA1,PC1,9.4,0.02537640248277066,93,4.0,20
LA1,PC1,9.5,0.025109807441569373,93,4.0,20
LA1,PC1,9.600000000000001,0.02485794683463602,93,4.0,20
LA1,PC1,9.700000000000001,0.02462204581445582,93,4.0,20
LA1,PC1,9.8,0.024403221179387778,93,4.0,20
LA1,PC1,9.9,0.024202471162118374,93,4.0,20
LA1,PC1,10.0,0.024020669033041196,93,4.0,20
LA1,PC1,10.100000000000001,0.02385856061210299,93,4.0,20
LA1,PC1,10.200000000000001,0.023716765666683813,93,4.0,20
LA1,PC1,10.3,0.02359578305654647,93,4.0,20
LA1,PC1,10.4,0.023495999373430297,93,4.0,20
LA1,PC1,10.5,0.023417700716060853,93,4.0,20
LA1,PC1,10.600000000000001,0.023361087144617095,93,4.0,20
LA1,PC1,10.700000000000001,0.023326289275177856,93,4.0,20
LA1,PC1,10.8,0.02331338640710717,93,4.0,20
LA1,PC1,10.9,0.02332242552700154,93,4.0,20
LA1,PC1,11.0,0.023353440503422012,93,4.0,20
LA1,PC1,11.100000000000001,0.023406470778257627,93,4.0,20
LA1,PC1,11.200000000000001,0.023481578873648625,93,4.0,20
LA1,PC1,11.3,0.023578866067686825,93,4.0,20
LA1,PC1,11.4,0.023698485646682844,93,4.0,20
LA1,PC1,11.5,0.023840653215067543,93,4.0,20
LA1,PC1,11.600000000000001,0.02400565363379149,93,4.0,20
LA1,PC1,11.700000000000001,0.02419384426167507,93,4.0,20
LA1,PC1,11.8,0.024405654288356098,93,4.0,20
LA1,PC1,11.9,0.02464158006873789,93,4.0,20
LA1,PC1,12.0,0.024902176493366943,93,4.0,20
LA1,PC1,12.100000000000001,0.025188044553051063,93,4.0,20
LA1,PC1,12.200000000000001,0.025499815375352612,93,4.0,20
LA1,PC1,12.3,0.025838131121576728,93,4.0,20
LA1,PC1,12.4,0.026203623231995533,93,4.0,20
LA1,PC1,12.5,0.026596888591158867,93,4.0,20
LA1,PC1,12.600000000000001,0.02701846425157275,93,4.0,20
LA1,PC1,12.700000000000001,0.02746880140068901,93,4.0,20
LA1,PC1,12.8,0.027948239281600968,93,4.0,20
LA1,PC1,12.9,0.028456979781342682,93,4.0,20
LA1,PC1,13.0,0.028995063382231706,93,4.0,20
LA1,PC1,13.100000000000001,0.029562347132009094,93,4.0,20
LA1,PC1,13.200000000000001,0.030158485229051672,93,4.0,20
LA1,PC1,13.3,0.030782912741776573,93,4.0,20
LA1,PC1,13.4,0.031434832889228013,93,4.0,20
LA1,PC1,13.5,0.03211320820595204,93,4.0,20
LA1,PC1,13.600000000000001,0.032816755802230584,93,4.0,20
LA1,PC1,13.700000000000001,0.03354394681443872,93,4.0,20
LA1,PC1,13.8,0.03429301002371723,93,4.0,20
LA1,PC1,13.9,0.03506193950830098,93,4.0,20
LA1,PC1,14.0,0.03584850608954665,93,4.0,20
LA1,PC1,14.100000000000001,0.036650272237482365,93,4.0,20
LA1,PC1,14.200000000000001,0.03746461002164815,93,4.0,20
LA1,PC1,14.3,0.038288721629646964,93,4.0,20
LA1,PC1,14.4,0.039119661931069194,93,4.0,20
LA1,PC1,14.5,0.03995436253945051,93,4.0,20
LA1,PC1,14.600000000000001,0.04078965682007366,93,4.0,20
LA1,PC1,14.700000000000001,0.04162230530633639,93,4.0,20
LA1,PC1,14.8,0.04244902102092747,93,4.0,20
LA1,PC1,14.9,0.04326649424830093,93,4.0,20
LA1,PC1,15.0,0.04407141636939502,93,4.0,20
LA1,PC1,15.100000000000001,0.04486050244514719,93,4.0,20
LA1,PC1,15.200000000000001,0.04563051231863256,93,4.0,20
LA1,PC1,15.3,0.046378270092862814,93,4.0,20
LA1,PC1,15.4,0.04710068192856931,93,4.0,20
LA1,PC1,15.5,0.04779475218985658,93,4.0,20
LA1,PC1,15.600000000000001,0.04845759804185741,93,4.0,20
LA1,PC1,15.700000000000001,0.04908646267021384,93,4.0,20
LA1,PC1,15.8,0.04967872734461257,93,4.0,20
LA1,PC1,15.9,0.0502319225855856,93,4.0,20
LA1,PC1,16.0,0.05074373871390996,93,4.0,20
LA1,PC1,16.1,0.05121203606451348,93,4.0,20
LA1,PC1,16.2,0.05163485513189781,93,4.0,20
LA1,PC1,16.3,0.052010426882566206,93,4.0,20
LA1,PC1,16.400000000000002,0.052337183423348074,93,4.0,20
LA1,PC1,16.5,0.052613769155046404,93,4.0,20
LA1,PC1,16.6,0.05283905247123771,93,4.0,20
LA1,PC1,16.7,0.05301213798549112,93,4.0,20
LA1,PC1,16.8,0.053132379190189996,93,4.0,20
LA1,PC1,16.900000000000002,0.053199391370116075,93,4.0,20
LA1,PC1,17.0,0.053213064517565536,93,4.0,20
LA1,PC1,17.1,0.053173575926418436,93,4.0,20
LA1,PC1,17.2,0.05308140208339678,93,4.0,20
LA1,PC1,17.3,0.052937329428427195,93,4.0,20
LA1,PC1,17.400000000000002,0.052742463524764076,93,4.0,20
LA1,PC1,17.5,0.052498236164929685,93,4.0,20
LA1,PC1,17.6,0.05220640994155017,93,4.0,20
LA1,PC1,17.7,0.05186907983310925,93,4.0,20
LA1,PC1,17.8,0.05148867139313319,93,4.0,20
LA1,PC1,17.900000000000002,0.05106793518636206,93,4.0,20
LA1,PC1,18.0,0.050609937185462854,93,4.0,20
LA1,PC1,18.1,0.05011804492469363,93,4.0,20
LA1,PC1,18.2,0.04959590930009722,93,4.0,20
LA1,PC1,18.3,0.04904744200642189,93,4.0,20
LA1,PC1,18.400000000000002,0.04847678870593534,93,4.0,20
LA1,PC1,18.5,0.04788829813040462,93,4.0,20
LA1,PC1,18.6,0.047286487421537265,93,4.0,20
LA1,PC1,18.7,0.04667600411398985,93,4.0,20
LA1,PC1,18.8,0.046061585255718324,93,4.0,20
LA1,PC1,18.900000000000002,0.04544801424032218,93,4.0,20
LA1,PC1,19.0,0.04484007599282587,93,4.0,20
LA1,PC1,19.1,0.04424251120217446,93,4.0,20
LA1,PC1,19.200000000000003,0.04365997032918745,93,4.0,20
LA1,PC1,19.3,0.04309696813689562,93,4.0,20
LA1,PC1,19.400000000000002,0.042557839490684125,93,4.0,20
LA1,PC1,19.5,0.04204669715857192,93,4.0,20
LA1,PC1,19.6,0.041567392307872056,93,4.0,20
LA1,PC1,19.700000000000003,0.04112347834445006,93,4.0,20
LA1,PC1,19.8,0.04071817867629043,93,4.0,20
LA1,PC1,19.900000000000002,0.0403543589059282,93,4.0,20
LA1,PC1,20.0,0.040034503868623394,93,4.0,20
LA1,PC1,20.1,0.03976069983730242,93,4.0,20
LA1,PC1,20.200000000000003,0.03953462211376456,93,4.0,20
LA1,PC1,20.3,0.0393575281210247,93,4.0,20
LA1,PC1,20.400000000000002,0.03923025600650895,93,4.0,20
LA1,PC1,20.5,0.03915322866263072,93,4.0,20
LA1,PC1,20.6,0.039126462972399814,93,4.0,20
LA1,PC1,20.700000000000003,0.039149583995303425,93,4.0,20
LA1,PC1,20.8,0.03922184372463166,93,4.0,20
LA1,PC1,20.900000000000002,0.039342143973300644,93,4.0,20
LA1,PC1,21.0,0.03950906288232332,93,4.0,20
LA1,PC1,21.1,0.03972088449533047,93,4.0,20
LA1,PC1,21.200000000000003,0.039975630804545456,93,4.0,20
LA1,PC1,21.3,0.04027109564863333,93,4.0,20
LA1,PC1,21.400000000000002,0.04060487983082177,93,4.0,20
LA1,PC1,21.5,0.04097442682629568,93,4.0,20
LA1,PC1,21.6,0.04137705846050116,93,4.0,20
LA1,PC1,21.700000000000003,0.04181000996384761,93,4.0,20
LA1,PC1,21.8,0.04227046384238096,93,4.0,20
LA1,PC1,21.900000000000002,0.0427555820471851,93,4.0,20
LA1,PC1,22.0,0.043262535976323284,93,4.0,20
LA1,PC1,22.1,0.04378853390076514,93,4.0,20
LA1,PC1,22.200000000000003,0.04433084546862448,93,4.0,20
LA1,PC1,22.3,0.04488682300883129,93,4.0,20
LA1,PC1,22.400000000000002,0.04545391942475482,93,4.0,20
LA1,PC1,22.5,0.04602970253900887,93,4.0,20
LA1,PC1,22.6,0.04661186582147501,93,4.0,20
LA1,PC1,22.700000000000003,0.04719823550230436,93,4.0,20
LA1,PC1,22.8,0.04778677413922079,93,4.0,20
LA1,PC1,22.900000000000002,0.048375580772824125,93,4.0,20
LA1,PC1,23.0,0.04896288786386609,93,4.0,20
LA1,PC1,23.1,0.04954705526180534,93,4.0,20
LA1,PC1,23.200000000000003,0.05012656150360651,93,4.0,20
LA1,PC1,23.3,0.05069999278509934,93,4.0,20
LA1,PC1,23.400000000000002,0.05126602998372503,93,4.0,20
LA1,PC1,23.5,0.051823434140743856,93,4.0,20
LA1,PC1,23.6,0.052371030832650003,93,4.0,20
LA1,PC1,23.700000000000003,0.052907693875417175,93,4.0,20
LA1,PC1,23.8,0.05343232881118944,93,4.0,20
LA1,PC1,23.900000000000002,0.053943856625123916,93,4.0,20
LA1,PC2,0.0,0.036400788766180955,32,4.0,20
LA1,PC2,0.1,0.0362405172419662,32,4.0,20
LA1,PC2,0.2,0.036065661083341916,32,4.0,20
LA1,PC2,0.30000000000000004,0.035874697677831684,32,4.0,20
LA1,PC2,0.4,0.03566634075597855,32,4.0,20
LA1,PC2,0.5,0.03543956462435304,32,4.0,20
LA1,PC2,0.6000000000000001,0.03519362429759342,32,4.0,20
LA1,PC2,0.7000000000000001,0.03492807124011667,32,4.0,20
LA1,PC2,0.8,0.03464276451827365,32,4.0,20
LA1,PC2,0.9,0.034337877256896125,32,4.0,20
LA1,PC2,1.0,0.03401389838755871,32,4.0,20
LA1,PC2,1.1,0.03367162976661754,32,4.0,20
LA1,PC2,1.2000000000000002,0.03331217882648843,32,4.0,20
LA1,PC2,1.3,0.03293694700124242,32,4.0,20
LA1,PC2,1.4000000000000001,0.03254761423534081,32,4.0,20
LA1,PC2,1.5,0.03214611994056692,32,4.0,20
LA1,PC2,1.6,0.03173464080981517,32,4.0,20
LA1,PC2,1.7000000000000002,0.031315565926798176,32,4.0,20
LA1,PC2,1.8,0.030891469627916415,32,4.0,20
LA1,PC2,1.9000000000000001,0.030465082577034015,32,4.0,20
LA1,PC2,2.0,0.030039261506742805,32,4.0,20
LA1,PC2,2.1,0.029616958062326153,32,4.0,20
LA1,PC2,2.2,0.029201187158843768,32,4.0,20
LA1,PC2,2.3000000000000003,0.02879499522956975,32,4.0,20
LA1,PC2,2.4000000000000004,0.028401428707573888,32,4.0,20
LA1,PC2,2.5,0.02802350304369272,32,4.0,20
LA1,PC2,2.6,0.02766417252554453,32,4.0,20
LA1,PC2,2.7,0.027326301125450782,32,4.0,20
LA1,PC2,2.8000000000000003,0.027012634571699865,32,4.0,20
LA1,PC2,2.9000000000000004,0.026725773808739094,32,4.0,20
LA1,PC2,3.0,0.026468149988421043,32,4.0,20
LA1,PC2,3.1,0.026242001116758125,32,4.0,20
LA1,PC2,3.2,0.026049350468733336,32,4.0,20
LA1,PC2,3.3000000000000003,0.025891986877165447,32,4.0,20
LA1,PC2,3.4000000000000004,0.02577144699967483,32,4.0,20
LA1,PC2,3.5,0.025688999669397885,32,4.0,20
LA1,PC2,3.6,0.025645632438997867,32,4.0,20
LA1,PC2,3.7,0.02564204043232996,32,4.0,20
LA1,PC2,3.8000000000000003,0.025678617622405465,32,4.0,20
LA1,PC2,3.9000000000000004,0.025755450656664854,32,4.0,20
LA1,PC2,4.0,0.025872315349726414,32,4.0,20
LA1,PC2,4.1000000000000005,0.026028675958618963,32,4.0,20
LA1,PC2,4.2,0.02622368734516057,32,4.0,20
LA1,PC2,4.3,0.02645620011401042,32,4.0,20
LA1,PC2,4.4,0.026724768792697695,32,4.0,20
LA1,PC2,4.5,0.027027663091626925,32,4.0,20
LA1,PC2,4.6000000000000005,0.02736288224798479,32,4.0,20
LA1,PC2,4.7,0.027728172418225384,32,4.0,20
LA1,PC2,4.800000000000001,0.028121047040241112,32,4.0,20
LA1,PC2,4.9,0.028538810039504963,32,4.0,20
LA1,PC2,5.0,0.028978581704638778,32,4.0,20
LA1,PC2,5.1000000000000005,0.029437327008387252,32,4.0,20
LA1,PC2,5.2,0.029911886101296865,32,4.0,20
LA1,PC2,5.300000000000001,0.030399006658970464,32,4.0,20
LA1,PC2,5.4,0.03089537772102154,32,4.0,20
LA1,PC2,5.5,0.031397664622138347,32,4.0,20
LA1,PC2,5.6000000000000005,0.0319025445842184,32,4.0,20
LA1,PC2,5.7,0.032406742514418656,32,4.0,20
LA1,PC2,5.800000000000001,0.03290706653806359,32,4.0,20
LA1,PC2,5.9,0.03340044278831447,32,4.0,20
LA1,PC2,6.0,0.03388394897673997,32,4.0,20
LA1,PC2,6.1000000000000005,0.0343548462805875,32,4.0,20
LA1,PC2,6.2,0.03481060910351865,32,4.0,20
LA1,PC2,6.300000000000001,0.03524895229645368,32,4.0,20
LA1,PC2,6.4,0.0356678554633207,32,4.0,20
LA1,PC2,6.5,0.03606558402203583,32,4.0,20
LA1,PC2,6.6000000000000005,0.036440706742843144,32,4.0,20
LA1,PC2,6.7,0.03679210954292484,32,4.0,20
LA1,PC2,6.800000000000001,0.03711900537652024,32,4.0,20
LA1,PC2,6.9,0.037420940122137744,32,4.0,20
LA1,PC2,7.0,0.037697794431238725,32,4.0,20
LA1,PC2,7.1000000000000005,0.037949781564461264,32,4.0,20
LA1,PC2,7.2,0.03817744130055291,32,4.0,20
LA1,PC2,7.300000000000001,0.03838163005833854,32,4.0,20
LA1,PC2,7.4,0.03856350742208193,32,4.0,20
LA1,PC2,7.5,0.038724519304546,32,4.0,20
LA1,PC2,7.6000000000000005,0.038866378019209204,32,4.0,20
LA1,PC2,7.7,0.03899103956301889,32,4.0,20
LA1,PC2,7.800000000000001,0.039100678433606456,32,4.0,20
LA1,PC2,7.9,0.03919766032018403,32,4.0,20
LA1,PC2,8.0,0.03928451301577924,32,4.0,20
LA1,PC2,8.1,0.03936389590067256,32,4.0,20
LA1,PC2,8.200000000000001,0.03943856834369818,32,4.0,20
LA1,PC2,8.3,0.03951135736042278,32,4.0,20
LA1,PC2,8.4,0.03958512485618114,32,4.0,20
LA1,PC2,8.5,0.03966273476861303,32,4.0,20
LA1,PC2,8.6,0.03974702040977405,32,4.0,20
LA1,PC2,8.700000000000001,0.039840752293065704,32,4.0,20
LA1,PC2,8.8,0.03994660671599651,32,4.0,20
LA1,PC2,8.9,0.0400671353568207,32,4.0,20
LA1,PC2,9.0,0.040204736131872094,32,4.0,20
LA1,PC2,9.1,0.040361625551157,32,4.0,20
LA1,PC2,9.200000000000001,0.04053981280248955,32,4.0,20
LA1,PC2,9.3,0.04074107578890694,32,4.0,20
LA1,PC2,9.4,0.040966939339829624,32,4.0,20
LA1,PC2,9.5,0.04121865581276669,32,4.0,20
LA1,PC2,9.600000000000001,0.04149718829848598,32,4.0,20
LA1,PC2,9.700000000000001,0.04180319663751652,32,4.0,20
LA1,PC2,9.8,0.04213702644860748,32,4.0,20
LA1,PC2,9.9,0.04249870135928379,32,4.0,20
LA1,PC2,10.0,0.0428879186139076,32,4.0,20
LA1,PC2,10.100000000000001,0.04330404821475663,32,4.0,20
LA1,PC2,10.200000000000001,0.043746135725796144,32,4.0,20
LA1,PC2,10.3,0.044212908836475946,32,4.0,20
LA1,PC2,10.4,0.044702787743697306,32,4.0,20
LA1,PC2,10.5,0.04521389936401844,32,4.0,20
LA1,PC2,10.600000000000001,0.045744095335459894,32,4.0,20
LA1,PC2,10.700000000000001,0.046290973709521115,32,4.0,20
LA1,PC2,10.8,0.04685190417015029,32,4.0,20
LA1,PC2,10.9,0.04742405654867019,32,4.0,20
LA1,PC2,11.0,0.048004432333613935,32,4.0,20
LA1,PC2,11.100000000000001,0.048589898803903075,32,4.0,20
LA1,PC2,11.200000000000001,0.049177225344870706,32,4.0,20
LA1,PC2,11.3,0.049763121441535836,32,4.0,20
LA1,PC2,11.4,0.050344275784610586,32,4.0,20
LA1,PC2,11.5,0.05091739587433593,32,4.0,20
LA1,PC2,11.600000000000001,0.0514792474676942,32,4.0,20
LA1,PC2,11.700000000000001,0.052026693187985494,32,4.0,20
LA1,PC2,11.8,0.05255672960407828,32,4.0,20
LA1,PC2,11.9,0.05306652209141247,32,4.0,20
LA1,PC2,12.0,0.05355343680917988,32,4.0,20
LA1,PC2,12.100000000000001,0.054015069168665504,32,4.0,20
LA1,PC2,12.200000000000001,0.05444926822656954,32,4.0,20
LA1,PC2,12.3,0.05485415651369954,32,4.0,20
LA1,PC2,12.4,0.05522814490253873,32,4.0,20
LA1,PC2,12.5,0.05556994222503209,32,4.0,20
LA1,PC2,12.600000000000001,0.05587855947203353,32,4.0,20
LA1,PC2,12.700000000000001,0.056153308535199384,32,4.0,20
LA1,PC2,12.8,0.056393795587163176,32,4.0,20
LA1,PC2,12.9,0.05659990933265249,32,4.0,20
LA1,PC2,13.0,0.05677180449758947,32,4.0,20
LA1,PC2,13.100000000000001,0.05690988105079595,32,4.0,20
LA1,PC2,13.200000000000001,0.057014759769353274,32,4.0,20
LA1,PC2,13.3,0.057087254859778454,32,4.0,20
LA1,PC2,13.4,0.057128344429148846,32,4.0,20
LA1,PC2,13.5,0.057139139659821,32,4.0,20
LA1,PC2,13.600000000000001,0.0571208535757875,32,4.0,20
LA1,PC2,13.700000000000001,0.05707477029612954,32,4.0,20
LA1,PC2,13.8,0.05700221565047361,32,4.0,20
LA1,PC2,13.9,0.05690452998283768,32,4.0,20
LA1,PC2,14.0,0.05678304389474082,32,4.0,20
LA1,PC2,14.100000000000001,0.05663905757793417,32,4.0,20
LA1,PC2,14.200000000000001,0.05647382426451825,32,4.0,20
LA1,PC2,14.3,0.05628853818133666,32,4.0,20
LA1,PC2,14.4,0.0560843272409032,32,4.0,20
LA1,PC2,14.5,0.055862250537837645,32,4.0,20
LA1,PC2,14.600000000000001,0.05562330055335051,32,4.0,20
LA1,PC2,14.700000000000001,0.055368409806417176,32,4.0,20
LA1,PC2,14.8,0.05509846153457489,32,4.0,20
LA1,PC2,14.9,0.0548143038451811,32,4.0,20
LA1,PC2,15.0,0.05451676665445288,32,4.0,20
LA1,PC2,15.100000000000001,0.05420668063099538,32,4.0,20
LA1,PC2,15.200000000000001,0.05388489728634552,32,4.0,20
LA1,PC2,15.3,0.05355230930989789,32,4.0,20
LA1,PC2,15.4,0.05320987023101155,32,4.0,20
LA1,PC2,15.5,0.05285861250760666,32,4.0,20
LA1,PC2,15.600000000000001,0.052499663187560865,32,4.0,20
LA1,PC2,15.700000000000001,0.05213425636506226,32,4.0,20
LA1,PC2,15.8,0.051763741756157625,32,4.0,20
LA1,PC2,15.9,0.051389588842572505,32,4.0,20
LA1,PC2,16.0,0.05101338617627248,32,4.0,20
LA1,PC2,16.1,0.050636835594421226,32,4.0,20
LA1,PC2,16.2,0.05026174126022445,32,4.0,20
LA1,PC2,16.3,0.04988999361428587,32,4.0,20
LA1,PC2,16.400000000000002,0.04952354848818812,32,4.0,20
LA1,PC2,16.5,0.049164401791851324,32,4.0,20
LA1,PC2,16.6,0.04881456033395693,32,4.0,20
LA1,PC2,16.7,0.04847600946596256,32,4.0,20
LA1,PC2,16.8,0.048150678351178186,32,4.0,20
LA1,PC2,16.900000000000002,0.04784040374793055,32,4.0,20
LA1,PC2,17.0,0.047546893257661246,32,4.0,20
LA1,PC2,17.1,0.047271689023355434,32,4.0,20
LA1,PC2,17.2,0.04701613287025788,32,4.0,20
LA1,PC2,17.3,0.04678133385949534,32,4.0,20
LA1,PC2,17.400000000000002,0.046568139176856295,32,4.0,20
LA1,PC2,17.5,0.046377109205177215,32,4.0,20
LA1,PC2,17.6,0.04620849753180413,32,4.0,20
LA1,PC2,17.7,0.04606223652527518,32,4.0,20
LA1,PC2,17.8,0.045937928981026145,32,4.0,20
LA1,PC2,17.900000000000002,0.04583484618827247,32,4.0,20
LA1,PC2,18.0,0.04575193261326919,32,4.0,20
LA1,PC2,18.1,0.04568781723207893,32,4.0,20
LA1,PC2,18.2,0.04564083138304816,32,4.0,20
LA1,PC2,18.3,0.045609032849633,32,4.0,20
LA1,PC2,18.400000000000002,0.04559023573212802,32,4.0,20
LA1,PC2,18.5,0.04558204552609967,32,4.0,20
LA1,PC2,18.6,0.04558189869945315,32,4.0,20
LA1,PC2,18.7,0.04558710595219733,32,4.0,20
LA1,PC2,18.8,0.04559489825575642,32,4.0,20
LA1,PC2,18.900000000000002,0.04560247470418996,32,4.0,20
LA1,PC2,19.0,0.0456070511693959,32,4.0,20
LA1,PC2,19.1,0.04560590873709367,32,4.0,20
LA1,PC2,19.200000000000003,0.04559644091025593,32,4.0,20
LA1,PC2,19.3,0.04557619860112157,32,4.0,20
LA1,PC2,19.400000000000002,0.04554293199075959,32,4.0,20
LA1,PC2,19.5,0.04549462841449588,32,4.0,20
LA1,PC2,19.6,0.04542954552991742,32,4.0,20
LA1,PC2,19.700000000000003,0.04534623913866936,32,4.0,20
LA1,PC2,19.8,0.04524358516048566,32,4.0,20
LA1,PC2,19.900000000000002,0.045120795394159925,32,4.0,20
LA1,PC2,20.0,0.04497742684160151,32,4.0,20
LA1,PC2,20.1,0.04481338451381349,32,4.0,20
LA1,PC2,20.200000000000003,0.0446289177777316,32,4.0,20
LA1,PC2,20.3,0.04442461043675215,32,4.0,20
LA1,PC2,20.400000000000002,0.044201364862159344,32,4.0,20
LA1,PC2,20.5,0.04396038060469631,32,4.0,20
LA1,PC2,20.6,0.043703128012897594,32,4.0,20
LA1,PC2,20.700000000000003,0.043431317465808014,32,4.0,20
LA1,PC2,20.8,0.043146864891280015,32,4.0,20
LA1,PC2,20.900000000000002,0.04285185428674399,32,4.0,20
LA1,PC2,21.0,0.0425484979873793,32,4.0,20
LA1,PC2,21.1,0.042239095437740126,32,4.0,20
LA1,PC2,21.200000000000003,0.04192599121836924,32,4.0,20
LA1,PC2,21.3,0.041611533060408094,32,4.0,20
LA1,PC2,21.400000000000002,0.041298030550612,32,4.0,20
LA1,PC2,21.5,0.04098771518858115,32,4.0,20
LA1,PC2,21.6,0.04068270240953701,32,4.0,20
LA1,PC2,21.700000000000003,0.04038495613163455,32,4.0,20
LA1,PC2,21.8,0.040096256328449126,32,4.0,20
LA1,PC2,21.900000000000002,0.039818170066488544,32,4.0,20
LA1,PC2,22.0,0.03955202638561392,32,4.0,20
LA1,PC2,22.1,0.03929889533801118,32,4.0,20
LA1,PC2,22.200000000000003,0.03905957143940398,32,4.0,20
LA1,PC2,22.3,0.03883456172477634,32,4.0,20
LA1,PC2,22.400000000000002,0.038624078539965974,32,4.0,20
LA1,PC2,22.5,0.03842803713988576,32,4.0,20
LA1,PC2,22.6,0.03824605810352831,32,4.0,20
LA1,PC2,22.700000000000003,0.03807747451499608,32,4.0,20
LA1,PC2,22.8,0.03792134379835318,32,4.0,20
LA1,PC2,22.900000000000002,0.037776464032070564,32,4.0,20
LA1,PC2,23.0,0.037641394506423,32,4.0,20
LA1,PC2,23.1,0.03751448022488251,32,4.0,20
LA1,PC2,23.200000000000003,0.03739387998913104,32,4.0,20
LA1,PC2,23.3,0.037277597647891035,32,4.0,20
LA1,PC2,23.400000000000002,0.03716351603371955,32,4.0,20
LA1,PC2,23.5,0.037049433060823415,32,4.0,20
LA1,PC2,23.6,0.03693309941255227,32,4.0,20
LA1,PC2,23.700000000000003,0.03681225721127623,32,4.0,20
LA1,PC2,23.8,0.03668467903754243,32,4.0,20
LA1,PC2,23.900000000000002,0.03654820665123759,32,4.0,20
LA2,PC1,0.0,0.05116280620158535,94,4.0,20
LA2,PC1,0.1,0.051018843887074235,94,4.0,20
LA2,PC1,0.2,0.05086549906063843,94,4.0,20
LA2,PC1,0.30000000000000004,0.05070409638157199,94,4.0,20
LA2,PC1,0.4,0.05053605577900422,94,4.0,20
LA2,PC1,0.5,0.050362885812176454,94,4.0,20
LA2,PC1,0.6000000000000001,0.05018617454905022,94,4.0,20
LA2,PC1,0.7000000000000001,0.050007577916169256,94,4.0,20
LA2,PC1,0.8,0.0498288055451857,94,4.0,20
LA2,PC1,0.9,0.049651604216774906,94,4.0,20
LA2,PC1,1.0,0.049477739078596504,94,4.0,20
LA2,PC1,1.1,0.04930897288821361,94,4.0,20
LA2,PC1,1.2000000000000002,0.04914704360216421,94,4.0,20
LA2,PC1,1.3,0.04899364069644579,94,4.0,20
LA2,PC1,1.4000000000000001,0.048850380659436164,94,4.0,20
LA2,PC1,1.5,0.04871878214382924,94,4.0,20
LA2,PC1,1.6,0.048600241297900644,94,4.0,20
LA2,PC1,1.7000000000000002,0.04849600781703244,94,4.0,20
LA2,PC1,1.8,0.048407162263002686,94,4.0,20
LA2,PC1,1.9000000000000001,0.04833459519056316,94,4.0,20
LA2,PC1,2.0,0.048278988598204335,94,4.0,20
LA2,PC1,2.1,0.04824080018308001,94,4.0,20
LA2,PC1,2.2,0.04822025082960878,94,4.0,20
LA2,PC1,2.3000000000000003,0.048217315698456255,94,4.0,20
LA2,PC1,2.4000000000000004,0.04823171920896853,94,4.0,20
LA2,PC1,2.5,0.04826293412553226,94,4.0,20
LA2,PC1,2.6,0.048310184868902734,94,4.0,20
LA2,PC1,2.7,0.048372455079583966,94,4.0,20
LA2,PC1,2.8000000000000003,0.048448499364317124,94,4.0,20
LA2,PC1,2.9000000000000004,0.0485368590611416,94,4.0,20
LA2,PC1,3.0,0.04863588176583241,94,4.0,20
LA2,PC1,3.1,0.04874374427520291,94,4.0,20
LA2,PC1,3.2,0.04885847852306142,94,4.0,20
LA2,PC1,3.3000000000000003,0.04897800001458619,94,4.0,20
LA2,PC1,3.4000000000000004,0.04910013820634464,94,4.0,20
LA2,PC1,3.5,0.04922266823362998,94,4.0,20
LA2,PC1,3.6,0.049343343355397945,94,4.0,20
LA2,PC1,3.7,0.049459927470656244,94,4.0,20
LA2,PC1,3.8000000000000003,0.04957022705912114,94,4.0,20
LA2,PC1,3.9000000000000004,0.04967212191334168,94,4.0,20
LA2,PC1,4.0,0.04976359405895032,94,4.0,20
LA2,PC1,4.1000000000000005,0.049842754303496405,94,4.0,20
LA2,PC1,4.2,0.04990786591136182,94,4.0,20
LA2,PC1,4.3,0.049957364971113416,94,4.0,20
LA2,PC1,4.4,0.04998987710058594,94,4.0,20
LA2,PC1,4.5,0.05000423022201781,94,4.0,20
LA2,PC1,4.6000000000000005,0.0499994632324811,94,4.0,20
LA2,PC1,4.7,0.04997483049129724,94,4.0,20
LA2,PC1,4.800000000000001,0.0499298021436624,94,4.0,20
LA2,PC1,4.9,0.04986406039583666,94,4.0,20
LA2,PC1,5.0,0.04977749194953319,94,4.0,20
LA2,PC1,5.1000000000000005,0.049670176889234786,94,4.0,20
LA2,PC1,5.2,0.04954237439388588,94,4.0,20
LA2,PC1,5.300000000000001,0.04939450571181236,94,4.0,20
LA2,PC1,5.4,0.04922713489314528,94,4.0,20
LA2,PC1,5.5,0.04904094781613143,94,4.0,20
LA2,PC1,5.6000000000000005,0.04883673007154418,94,4.0,20
LA2,PC1,5.7,0.04861534428238817,94,4.0,20
LA2,PC1,5.800000000000001,0.04837770743406465,94,4.0,20
LA2,PC1,5.9,0.04812476877337885,94,4.0,20
LA2,PC1,6.0,0.04785748880387767,94,4.0,20
LA2,PC1,6.1000000000000005,0.04757681986103024,94,4.0,20
LA2,PC1,6.2,0.047283688695073885,94,4.0,20
LA2,PC1,6.300000000000001,0.04697898142360541,94,4.0,20
LA2,PC1,6.4,0.046663531142116764,94,4.0,20
LA2,PC1,6.5,0.0463381084007504,94,4.0,20
LA2,PC1,6.6000000000000005,0.046003414671813396,94,4.0,20
LA2,PC1,6.7,0.04566007884733262,94,4.0,20
LA2,PC1,6.800000000000001,0.04530865672145581,94,4.0,20
LA2,PC1,6.9,0.04494963333105043,94,4.0,20
LA2,PC1,7.0,0.04458342795155846,94,4.0,20
LA2,PC1,7.1000000000000005,0.044210401476006966,94,4.0,20
LA2,PC1,7.2,0.04383086584482008,94,4.0,20
LA2,PC1,7.300000000000001,0.04344509514424947,94,4.0,20
LA2,PC1,7.4,0.04305333795307957,94,4.0,20
LA2,PC1,7.5,0.04265583049169936,94,4.0,20
LA2,PC1,7.6000000000000005,0.04225281011526323,94,4.0,20
LA2,PC1,7.7,0.041844528693732945,94,4.0,20
LA2,PC1,7.800000000000001,0.04143126543598641,94,4.0,20
LA2,PC1,7.9,0.04101333874241324,94,4.0,20
LA2,PC1,8.0,0.04059111670964897,94,4.0,20
LA2,PC1,8.1,0.04016502596113082,94,4.0,20
LA2,PC1,8.200000000000001,0.039735558536466646,94,4.0,20
LA2,PC1,8.3,0.039303276639369264,94,4.0,20
LA2,PC1,8.4,0.038868815116044064,94,4.0,20
LA2,PC1,8.5,0.038432881611148856,94,4.0,20
LA2,PC1,8.6,0.03799625442434968,94,4.0,20
LA2,PC1,8.700000000000001,0.03755977816459736,94,4.0,20
LA2,PC1,8.8,0.037124357369075836,94,4.0,20
LA2,PC1,8.9,0.03669094831696866,94,4.0,20
LA2,PC1,9.0,0.03626054932258431,94,4.0,20
LA2,PC1,9.1,0.03583418983608936,94,4.0,20
LA2,PC1,9.200000000000001,0.03541291871159672,94,4.0,20
LA2,PC1,9.3,0.0349977920205544,94,4.0,20
LA2,PC1,9.4,0.03458986079267809,94,4.0,20
LA2,PC1,9.5,0.03419015905699701,94,4.0,20
LA2,PC1,9.600000000000001,0.03379969253240785,94,4.0,20
LA2,PC1,9.700000000000001,0.03341942828146803,94,4.0,20
LA2,PC1,9.8,0.03305028559451794,94,4.0,20
LA2,PC1,9.9,0.032693128315568976,94,4.0,20
LA2,PC1,10.0,0.032348758759060646,94,4.0,20
LA2,PC1,10.100000000000001,0.03201791330018441,94,4.0,20
LA2,PC1,10.200000000000001,0.03170125965375797,94,4.0,20
LA2,PC1,10.3,0.03139939579042087,94,4.0,20
LA2,PC1,10.4,0.03111285037692586,94,4.0,20
LA2,PC1,10.5,0.03084208457203567,94,4.0,20
LA2,PC1,10.600000000000001,0.030587494963191318,94,4.0,20
LA2,PC1,10.700000000000001,0.030349417393473674,94,4.0,20
LA2,PC1,10.8,0.03012813140471287,94,4.0,20
LA2,PC1,10.9,0.029923865011649935,94,4.0,20
LA2,PC1,11.0,0.029736799523981713,94,4.0,20
LA2,PC1,11.100000000000001,0.029567074147517858,94,4.0,20
LA2,PC1,11.200000000000001,0.029414790121598734,94,4.0,20
LA2,PC1,11.3,0.029280014185926184,94,4.0,20
LA2,PC1,11.4,0.029162781214197915,94,4.0,20
LA2,PC1,11.5,0.029063095902238996,94,4.0,20
LA2,PC1,11.600000000000001,0.028980933452311074,94,4.0,20
LA2,PC1,11.700000000000001,0.02891623925046539,94,4.0,20
LA2,PC1,11.8,0.028868927587722568,94,4.0,20
LA2,PC1,11.9,0.028838879526159985,94,4.0,20
LA2,PC1,12.0,0.028825940055545732,94,4.0,20
LA2,PC1,12.100000000000001,0.028829914723160845,94,4.0,20
LA2,PC1,12.200000000000001,0.02885056594746736,94,4.0,20
LA2,PC1,12.3,0.028887609244305633,94,4.0,20
LA2,PC1,12.4,0.028940709601801135,94,4.0,20
LA2,PC1,12.5,0.029009478237057493,94,4.0,20
LA2,PC1,12.600000000000001,0.029093469954397416,94,4.0,20
LA2,PC1,12.700000000000001,0.029192181302203867,94,4.0,20
LA2,PC1,12.8,0.02930504969450567,94,4.0,20
LA2,PC1,12.9,0.029431453625860925,94,4.0,20
LA2,PC1,13.0,0.029570714065576768,94,4.0,20
LA2,PC1,13.100000000000001,0.029722097071788443,94,4.0,20
LA2,PC1,13.200000000000001,0.029884817619403196,94,4.0,20
LA2,PC1,13.3,0.03005804459038752,94,4.0,20
LA2,PC1,13.4,0.03024090683223457,94,4.0,20
LA2,PC1,13.5,0.03043250015241773,94,4.0,20
LA2,PC1,13.600000000000001,0.03063189508470013,94,4.0,20
LA2,PC1,13.700000000000001,0.030838145238510296,94,4.0,20
LA2,PC1,13.8,0.03105029602605258,94,4.0,20
LA2,PC1,13.9,0.031267393553863994,94,4.0,20
LA2,PC1,14.0,0.03148849346623868,94,4.0,20
LA2,PC1,14.100000000000001,0.03171266953702084,94,4.0,20
LA2,PC1,14.200000000000001,0.031939021823059334,94,4.0,20
LA2,PC1,14.3,0.03216668421614326,94,4.0,20
LA2,PC1,14.4,0.03239483125924915,94,4.0,20
LA2,PC1,14.5,0.03262268412596746,94,4.0,20
LA2,PC1,14.600000000000001,0.032849515697441926,94,4.0,20
LA2,PC1,14.700000000000001,0.03307465470739253,94,4.0,20
LA2,PC1,14.8,0.03329748896115511,94,4.0,20
LA2,PC1,14.9,0.03351746766760668,94,4.0,20
LA2,PC1,15.0,0.03373410295196021,94,4.0,20
LA2,PC1,15.100000000000001,0.0339469706415286,94,4.0,20
LA2,PC1,15.200000000000001,0.03415571043477043,94,4.0,20
LA2,PC1,15.3,0.034360025575626674,94,4.0,20
LA2,PC1,15.4,0.03455968216005265,94,4.0,20
LA2,PC1,15.5,0.03475450819977031,94,4.0,20
LA2,PC1,15.600000000000001,0.03494439255995602,94,4.0,20
LA2,PC1,15.700000000000001,0.035129283873453175,94,4.0,20
LA2,PC1,15.8,0.03530918951502271,94,4.0,20
LA2,PC1,15.9,0.03548417469616835,94,4.0,20
LA2,PC1,16.0,0.0356543617153916,94,4.0,20
LA2,PC1,16.1,0.03581992937161148,94,4.0,20
LA2,PC1,16.2,0.035981112521219875,94,4.0,20
LA2,PC1,16.3,0.03613820173308827,94,4.0,20
LA2,PC1,16.400000000000002,0.03629154297196613,94,4.0,20
LA2,PC1,16.5,0.036441537220155744,94,4.0,20
LA2,PC1,16.6,0.03658863993098755,94,4.0,20
LA2,PC1,16.7,0.036733360196140506,94,4.0,20
LA2,PC1,16.8,0.036876259502736077,94,4.0,20
LA2,PC1,16.900000000000002,0.03701794995564652,94,4.0,20
LA2,PC1,17.0,0.03715909184565999,94,4.0,20
LA2,PC1,17.1,0.03730039045488835,94,4.0,20
LA2,PC1,17.2,0.03744259200675769,94,4.0,20
LA2,PC1,17.3,0.03758647868858454,94,4.0,20
LA2,PC1,17.400000000000002,0.037732862699463375,94,4.0,20
LA2,PC1,17.5,0.03788257930420458,94,4.0,20
LA2,PC1,17.6,0.03803647890449703,94,4.0,20
LA2,PC1,17.7,0.038195418170386096,94,4.0,20
LA2,PC1,17.8,0.038360250307575255,94,4.0,20
LA2,PC1,17.900000000000002,0.03853181456796788,94,4.0,20
LA2,PC1,18.0,0.0387109251412713,94,4.0,20
LA2,PC1,18.1,0.03889835959341707,94,4.0,20
LA2,PC1,18.2,0.03909484704209722,94,4.0,20
LA2,PC1,18.3,0.03930105628004216,94,4.0,20
LA2,PC1,18.400000000000002,0.039517584072037676,94,4.0,20
LA2,PC1,18.5,0.03974494386148837,94,4.0,20
LA2,PC1,18.6,0.03998355512611308,94,4.0,20
LA2,PC1,18.7,0.040233733619798845,94,4.0,20
LA2,PC1,18.8,0.04049568272860731,94,4.0,20
LA2,PC1,18.900000000000002,0.040769486153468974,94,4.0,20
LA2,PC1,19.0,0.04105510211045246,94,4.0,20
LA2,PC1,19.1,0.04135235921207675,94,4.0,20
LA2,PC1,19.200000000000003,0.04166095416054865,94,4.0,20
LA2,PC1,19.3,0.041980451346822996,94,4.0,20
LA2,PC1,19.400000000000002,0.04231028440891912,94,4.0,20
LA2,PC1,19.5,0.04264975976003121,94,4.0,20
LA2,PC1,19.6,0.0429980620527871,94,4.0,20
LA2,PC1,19.700000000000003,0.04335426150174946,94,4.0,20
LA2,PC1,19.8,0.0437173229431641,94,4.0,20
LA2,PC1,19.900000000000002,0.04408611647027433,94,4.0,20
LA2,PC1,20.0,0.044459429445442296,94,4.0,20
LA2,PC1,20.1,0.04483597965796071,94,4.0,20
LA2,PC1,20.200000000000003,0.0452144293698083,94,4.0,20
LA2,PC1,20.3,0.04559339997155739,94,4.0,20
LA2,PC1,20.400000000000002,0.04597148695786351,94,4.0,20
LA2,PC1,20.5,0.046347274926937285,94,4.0,20
LA2,PC1,20.6,0.04671935231138181,94,4.0,20
LA2,PC1,20.700000000000003,0.04708632555880155,94,4.0,20
LA2,PC1,20.8,0.04744683249944423,94,4.0,20
LA2,PC1,20.900000000000002,0.04779955466437042,94,4.0,20
LA2,PC1,21.0,0.0481432283505717,94,4.0,20
LA2,PC1,21.1,0.0484766542681727,94,4.0,20
LA2,PC1,21.200000000000003,0.04879870564824521,94,4.0,20
LA2,PC1,21.3,0.049108334736558804,94,4.0,20
LA2,PC1,21.400000000000002,0.049404577647375866,94,4.0,20
LA2,PC1,21.5,0.04968655760065913,94,4.0,20
LA2,PC1,21.6,0.049953486614232635,94,4.0,20
LA2,PC1,21.700000000000003,0.05020466576796292,94,4.0,20
LA2,PC1,21.8,0.05043948419838712,94,4.0,20
LA2,PC1,21.900000000000002,0.05065741701800345,94,4.0,20
LA2,PC1,22.0,0.05085802238239101,94,4.0,20
LA2,PC1,22.1,0.05104093794938782,94,4.0,20
LA2,PC1,22.200000000000003,0.05120587698690324,94,4.0,20
LA2,PC1,22.3,0.05135262438903549,94,4.0,20
LA2,PC1,22.400000000000002,0.051481032853761176,94,4.0,20
LA2,PC1,22.5,0.05159101945963815,94,4.0,20
LA2,PC1,22.6,0.05168256285410981,94,4.0,20
LA2,PC1,22.700000000000003,0.051755701232823824,94,4.0,20
LA2,PC1,22.8,0.051810531248892726,94,4.0,20
LA2,PC1,22.900000000000002,0.05184720794448805,94,4.0,20
LA2,PC1,23.0,0.05186594574608423,94,4.0,20
LA2,PC1,23.1,0.05186702051072459,94,4.0,20
LA2,PC1,23.200000000000003,0.05185077255568478,94,4.0,20
LA2,PC1,23.3,0.05181761054973547,94,4.0,20
LA2,PC1,23.400000000000002,0.05176801609274851,94,4.0,20
LA2,PC1,23.5,0.05170254876348483,94,4.0,20
LA2,PC1,23.6,0.05162185137478193,94,4.0,20
LA2,PC1,23.700000000000003,0.05152665514257941,94,4.0,20
LA2,PC1,23.8,0.051417784451631865,94,4.0,20
LA2,PC1,23.900000000000002,0.051296160887432184,94,4.0,20
NA1,PC1,0.0,0.05988606839918383,269,4.0,20
NA1,PC1,0.1,0.05954067387233303,269,4.0,20
NA1,PC1,0.2,0.05915560595900224,269,4.0,20
NA1,PC1,0.30000000000000004,0.058733307602713315,269,4.0,20
NA1,PC1,0.4,0.0582764586445311,269,4.0,20
NA1,PC1,0.5,0.05778794087327886,269,4.0,20
NA1,PC1,0.6000000000000001,0.05727080166195844,269,4.0,20
NA1,PC1,0.7000000000000001,0.05672821672762178,269,4.0,20
NA1,PC1,0.8,0.05616345253833473,269,4.0,20
NA1,PC1,0.9,0.05557982887135971,269,4.0,20
NA1,PC1,1.0,0.054980682002312195,269,4.0,20
NA1,PC1,1.1,0.05436932897674258,269,4.0,20
NA1,PC1,1.2000000000000002,0.0537490333841351,269,4.0,20
NA1,PC1,1.3,0.05312297302030307,269,4.0,20
NA1,PC1,1.4000000000000001,0.05249420978802314,269,4.0,20
NA1,PC1,1.5,0.05186566214776155,269,4.0,20
NA1,PC1,1.6,0.051240080390633075,269,4.0,20
NA1,PC1,1.7000000000000002,0.05062002496433771,269,4.0,20
NA1,PC1,1.8,0.05000784803971937,269,4.0,20
NA1,PC1,1.9000000000000001,0.04940567846076604,269,4.0,20
NA1,PC1,2.0,0.04881541017434036,269,4.0,20
NA1,PC1,2.1,0.048238694187807074,269,4.0,20
NA1,PC1,2.2,0.04767693405324659,269,4.0,20
NA1,PC1,2.3000000000000003,0.047131284826511397,269,4.0,20
NA1,PC1,2.4000000000000004,0.046602655398559185,269,4.0,20
NA1,PC1,2.5,0.04609171404603408,269,4.0,20
NA1,PC1,2.6,0.04559889699887025,269,4.0,20
NA1,PC1,2.7,0.0451244197758141,269,4.0,20
NA1,PC1,2.8000000000000003,0.044668290995348366,269,4.0,20
NA1,PC1,2.9000000000000004,0.04423032833076297,269,4.0,20
NA1,PC1,3.0,0.04381017624525117,269,4.0,20
NA1,PC1,3.1,0.043407325117058485,269,4.0,20
NA1,PC1,3.2,0.043021131346891006,269,4.0,20
NA1,PC1,3.3000000000000003,0.04265083803083392,269,4.0,20
NA1,PC1,3.4000000000000004,0.04229559578254087,269,4.0,20
NA1,PC1,3.5,0.041954483298753606,269,4.0,20
NA1,PC1,3.6,0.04162652728230986,269,4.0,20
NA1,PC1,3.7,0.041310721366382655,269,4.0,20
NA1,PC1,3.8000000000000003,0.04100604372211639,269,4.0,20
NA1,PC1,3.9000000000000004,0.040711473078115026,269,4.0,20
NA1,PC1,4.0,0.040426002933130256,269,4.0,20
NA1,PC1,4.1000000000000005,0.04014865380126913,269,4.0,20
NA1,PC1,4.2,0.03987848339036003,269,4.0,20
NA1,PC1,4.3,0.03961459467690863,269,4.0,20
NA1,PC1,4.4,0.039356141903382186,269,4.0,20
NA1,PC1,4.5,0.03910233458341626,269,4.0,20
NA1,PC1,4.6000000000000005,0.03885243965604137,269,4.0,20
NA1,PC1,4.7,0.038605781979406076,269,4.0,20
NA1,PC1,4.800000000000001,0.03836174339616154,269,4.0,20
NA1,PC1,4.9,0.03811976063535403,269,4.0,20
NA1,PC1,5.0,0.03787932233834397,269,4.0,20
NA1,PC1,5.1000000000000005,0.037639965508269466,269,4.0,20
NA1,PC1,5.2,0.03740127168360845,269,4.0,20
NA1,PC1,5.300000000000001,0.03716286312655556,269,4.0,20
NA1,PC1,5.4,0.036924399296687636,269,4.0,20
NA1,PC1,5.5,0.03668557385057608,269,4.0,20
NA1,PC1,5.6000000000000005,0.03644611236978204,269,4.0,20
NA1,PC1,5.7,0.036205770974497495,269,4.0,20
NA1,PC1,5.800000000000001,0.035964335929670056,269,4.0,20
NA1,PC1,5.9,0.03572162429664702,269,4.0,20
NA1,PC1,6.0,0.035477485628179734,269,4.0,20
NA1,PC1,6.1000000000000005,0.03523180465007046,269,4.0,20
NA1,PC1,6.2,0.03498450482080926,269,4.0,20
NA1,PC1,6.300000000000001,0.03473555261312519,269,4.0,20
NA1,PC1,6.4,0.03448496232017522,269,4.0,20
NA1,PC1,6.5,0.03423280115559529,269,4.0,20
NA1,PC1,6.6000000000000005,0.03397919439203218,269,4.0,20
NA1,PC1,6.7,0.0337243302679301,269,4.0,20
NA1,PC1,6.800000000000001,0.03346846438777397,269,4.0,20
NA1,PC1,6.9,0.03321192334683709,269,4.0,20
NA1,PC1,7.0,0.03295510732751825,269,4.0,20
NA1,PC1,7.1000000000000005,0.03269849144000378,269,4.0,20
NA1,PC1,7.2,0.03244262561434056,269,4.0,20
NA1,PC1,7.300000000000001,0.032188132892857664,269,4.0,20
NA1,PC1,7.4,0.031935706019777826,269,4.0,20
NA1,PC1,7.5,0.03168610227718138,269,4.0,20
NA1,PC1,7.6000000000000005,0.03144013657145846,269,4.0,20
NA1,PC1,7.7,0.0311986728301805,269,4.0,20
NA1,PC1,7.800000000000001,0.03096261382410439,269,4.0,20
NA1,PC1,7.9,0.03073288958101749,269,4.0,20
NA1,PC1,8.0,0.03051044460567839,269,4.0,20
NA1,PC1,8.1,0.030296224161711745,269,4.0,20
NA1,PC1,8.200000000000001,0.030091159905690164,269,4.0,20
NA1,PC1,8.3,0.029896155189739565,269,4.0,20
NA1,PC1,8.4,0.029712070366063326,269,4.0,20
NA1,PC1,8.5,0.02953970843430772,269,4.0,20
NA1,PC1,8.6,0.02937980137049122,269,4.0,20
NA1,PC1,8.700000000000001,0.02923299746439075,269,4.0,20
NA1,PC1,8.8,0.029099849971195562,269,4.0,20
NA1,PC1,8.9,0.02898080735354978,269,4.0,20
NA1,PC1,9.0,0.028876205352690254,269,4.0,20
NA1,PC1,9.1,0.02878626108334798,269,4.0,20
NA1,PC1,9.200000000000001,0.028711069297695655,269,4.0,20
NA1,PC1,9.3,0.028650600910313108,269,4.0,20
NA1,PC1,9.4,0.028604703820429938,269,4.0,20
NA1,PC1,9.5,0.02857310601117701,269,4.0,20
NA1,PC1,9.600000000000001,0.028555420849836904,269,4.0,20
NA1,PC1,9.700000000000001,0.028551154459705543,269,4.0,20
NA1,PC1,9.8,0.02855971498466841,269,4.0,20
NA1,PC1,9.9,0.02858042352334806,269,4.0,20
NA1,PC1,10.0,0.028612526471935074,269,4.0,20
NA1,PC1,10.100000000000001,0.028655208984620543,269,4.0,20
NA1,PC1,10.200000000000001,0.02870760923872978,269,4.0,20
NA1,PC1,10.3,0.02876883317878729,269,4.0,20
NA1,PC1,10.4,0.028837969410122715,269,4.0,20
NA1,PC1,10.5,0.028914103918271875,269,4.0,20
NA1,PC1,10.600000000000001,0.028996334305058737,269,4.0,20
NA1,PC1,10.700000000000001,0.02908378325530289,269,4.0,20
NA1,PC1,10.8,0.02917561097874782,269,4.0,20
NA1,PC1,10.9,0.029271026408967303,269,4.0,20
NA1,PC1,11.0,0.029369296983385768,269,4.0,20
NA1,PC1,11.100000000000001,0.029469756874677407,269,4.0,20
NA1,PC1,11.200000000000001,0.029571813592100524,269,4.0,20
NA1,PC1,11.3,0.02967495292012635,269,4.0,20
NA1,PC1,11.4,0.029778742209376548,269,4.0,20
NA1,PC1,11.5,0.02988283207978857,269,4.0,20
NA1,PC1,11.600000000000001,0.029986956636597794,269,4.0,20
NA1,PC1,11.700000000000001,0.03009093233484493,269,4.0,20
NA1,PC1,11.8,0.03019465565659809,269,4.0,20
NA1,PC1,11.9,0.03029809978609647,269,4.0,20
NA1,PC1,12.0,0.030401310481049333,269,4.0,20
NA1,PC1,12.100000000000001,0.03050440134315106,269,4.0,20
NA1,PC1,12.200000000000001,0.030607548687612063,269,4.0,20
NA1,PC1,12.3,0.03071098620058677,269,4.0,20
NA1,PC1,12.4,0.030814999555527245,269,4.0,20
NA1,PC1,12.5,0.030919921135691957,269,4.0,20
NA1,PC1,12.600000000000001,0.031026124981498565,269,4.0,20
NA1,PC1,12.700000000000001,0.031134022049497737,269,4.0,20
NA1,PC1,12.8,0.03124405583593869,269,4.0,20
NA1,PC1,12.9,0.03135669838371458,269,4.0,20
NA1,PC1,13.0,0.03147244665841538,269,4.0,20
NA1,PC1,13.100000000000001,0.031591819248690665,269,4.0,20
NA1,PC1,13.200000000000001,0.031715353319411964,269,4.0,20
NA1,PC1,13.3,0.03184360172430683,269,4.0,20
NA1,PC1,13.4,0.03197713016867537,269,4.0,20
NA1,PC1,13.5,0.03211651430309124,269,4.0,20
NA1,PC1,13.600000000000001,0.03226233662596161,269,4.0,20
NA1,PC1,13.700000000000001,0.03241518307651911,269,4.0,20
NA1,PC1,13.8,0.03257563921001874,269,4.0,20
NA1,PC1,13.9,0.03274428586313545,269,4.0,20
NA1,PC1,14.0,0.032921694239096265,269,4.0,20
NA1,PC1,14.100000000000001,0.033108420368039015,269,4.0,20
NA1,PC1,14.200000000000001,0.03330499892741878,269,4.0,20
NA1,PC1,14.3,0.03351193643882939,269,4.0,20
NA1,PC1,14.4,0.0337297038901595,269,4.0,20
NA1,PC1,14.5,0.03395872886433007,269,4.0,20
NA1,PC1,14.600000000000001,0.03419938728676981,269,4.0,20
NA1,PC1,14.700000000000001,0.03445199493214615,269,4.0,20
NA1,PC1,14.8,0.034716798855663984,269,4.0,20
NA1,PC1,14.9,0.03499396893458493,269,4.0,20
NA1,PC1,15.0,0.03528358972078357,269,4.0,20
NA1,PC1,15.100000000000001,0.03558565281459553,269,4.0,20
NA1,PC1,15.200000000000001,0.03590004997357134,269,4.0,20
NA1,PC1,15.3,0.036226567166867535,269,4.0,20
NA1,PC1,15.4,0.03656487977692169,269,4.0,20
NA1,PC1,15.5,0.03691454913499635,269,4.0,20
NA1,PC1,15.600000000000001,0.03727502055654942,269,4.0,20
NA1,PC1,15.700000000000001,0.037645623016766244,269,4.0,20
NA1,PC1,15.8,0.03802557057669554,269,4.0,20
NA1,PC1,15.9,0.03841396563710315,269,4.0,20
NA1,PC1,16.0,0.038809804061333636,269,4.0,20
NA1,PC1,16.1,0.039211982171143654,269,4.0,20
NA1,PC1,16.2,0.03961930558167042,269,4.0,20
NA1,PC1,16.3,0.0400304998044418,269,4.0,20
NA1,PC1,16.400000000000002,0.04044422251159822,269,4.0,20
NA1,PC1,16.5,0.04085907732118279,269,4.0,20
NA1,PC1,16.6,0.0412736289332533,269,4.0,20
NA1,PC1,16.7,0.041686419420329815,269,4.0,20
NA1,PC1,16.8,0.042095985453812004,269,4.0,20
NA1,PC1,16.900000000000002,0.042500876230785224,269,4.0,20
NA1,PC1,17.0,0.04289967185322533,269,4.0,20
NA1,PC1,17.1,0.0432910019039457,269,4.0,20
NA1,PC1,17.2,0.04367356396048735,269,4.0,20
NA1,PC1,17.3,0.04404614178915322,269,4.0,20
NA1,PC1,17.400000000000002,0.04440762296603164,269,4.0,20
NA1,PC1,17.5,0.04475701567955718,269,4.0,20
NA1,PC1,17.6,0.04509346447928748,269,4.0,20
NA1,PC1,17.7,0.04541626474750461,269,4.0,20
NA1,PC1,17.8,0.04572487568339789,269,4.0,20
NA1,PC1,17.900000000000002,0.04601893160345395,269,4.0,20
NA1,PC1,18.0,0.04629825137590705,269,4.0,20
NA1,PC1,18.1,0.04656284582146746,269,4.0,20
NA1,PC1,18.2,0.0468129229270127,269,4.0,20
NA1,PC1,18.3,0.04704889073362698,269,4.0,20
NA1,PC1,18.400000000000002,0.04727135777561567,269,4.0,20
NA1,PC1,18.5,0.04748113096335974,269,4.0,20
NA1,PC1,18.6,0.0476792108206787,269,4.0,20
NA1,PC1,18.7,0.04786678400738092,269,4.0,20
NA1,PC1,18.8,0.048045213080557946,269,4.0,20
NA1,PC1,18.900000000000002,0.048216023474540064,269,4.0,20
NA1,PC1,19.0,0.048380887709793714,269,4.0,20
NA1,PC1,19.1,0.04854160687576356,269,4.0,20
NA1,PC1,19.200000000000003,0.04870008947188815,269,4.0,20
NA1,PC1,19.3,0.04885832773463693,269,4.0,20
NA1,PC1,19.400000000000002,0.04901837162602726,269,4.0,20
NA1,PC1,19.5,0.04918230070997807,269,4.0,20
NA1,PC1,19.6,0.04935219419603199,269,4.0,20
NA1,PC1,19.700000000000003,0.049530099484128176,269,4.0,20
NA1,PC1,19.8,0.049717999597681015,269,4.0,20
NA1,PC1,19.900000000000002,0.049917779943452395,269,4.0,20
NA1,PC1,20.0,0.05013119488369603,269,4.0,20
NA1,PC1,20.1,0.050359834646831664,269,4.0,20
NA1,PC1,20.200000000000003,0.05060509313552166,269,4.0,20
NA1,PC1,20.3,0.050868137213623536,269,4.0,20
NA1,PC1,20.400000000000002,0.05114987806442094,269,4.0,20
NA1,PC1,20.5,0.051450945210408446,269,4.0,20
NA1,PC1,20.6,0.05177166376868917,269,4.0,20
NA1,PC1,20.700000000000003,0.05211203548511589,269,4.0,20
NA1,PC1,20.8,0.052471724044511295,269,4.0,20
NA1,PC1,20.900000000000002,0.05285004509397321,269,4.0,20
NA1,PC1,21.0,0.05324596134225014,269,4.0,20
NA1,PC1,21.1,0.05365808301179988,269,4.0,20
NA1,PC1,21.200000000000003,0.054084673823227486,269,4.0,20
NA1,PC1,21.3,0.05452366258657093,269,4.0,20
NA1,PC1,21.400000000000002,0.05497266036294584,269,4.0,20
NA1,PC1,21.5,0.05542898304623866,269,4.0,20
NA1,PC1,21.6,0.0558896791008859,269,4.0,20
NA1,PC1,21.700000000000003,0.056351562081412516,269,4.0,20
NA1,PC1,21.8,0.05681124745540939,269,4.0,20
NA1,PC1,21.900000000000002,0.05726519315694962,269,4.0,20
NA1,PC1,22.0,0.0577097432147733,269,4.0,20
NA1,PC1,22.1,0.058141173731267426,269,4.0,20
NA1,PC1,22.200000000000003,0.0585557404362576,269,4.0,20
NA1,PC1,22.3,0.05894972700534509,269,4.0,20
NA1,PC1,22.400000000000002,0.05931949331685265,269,4.0,20
NA1,PC1,22.5,0.059661522824696805,269,4.0,20
NA1,PC1,22.6,0.05997246824641403,269,4.0,20
NA1,PC1,22.700000000000003,0.060249194805291444,269,4.0,20
NA1,PC1,22.8,0.06048882032172989,269,4.0,20
NA1,PC1,22.900000000000002,0.06068875151975147,269,4.0,20
NA1,PC1,23.0,0.06084671599772679,269,4.0,20
NA1,PC1,23.1,0.06096078940539262,269,4.0,20
NA1,PC1,23.200000000000003,0.061029417469311,269,4.0,20
NA1,PC1,23.3,0.06105143261323576,269,4.0,20
NA1,PC1,23.400000000000002,0.061026065025554244,269,4.0,20
NA1,PC1,23.5,0.06095294813032622,269,4.0,20
NA1,PC1,23.6,0.060832118518909545,269,4.0,20
NA1,PC1,23.700000000000003,0.06066401049349273,269,4.0,20
NA1,PC1,23.8,0.06044944546014479,269,4.0,20
NA1,PC1,23.900000000000002,0.06018961648573477,269,4.0,20
NA1,PC2,0.0,0.02306699807186737,258,4.0,20
NA1,PC2,0.1,0.02308016088874866,258,4.0,20
NA1,PC2,0.2,0.02312171896496946,258,4.0,20
NA1,PC2,0.30000000000000004,0.023191971838320037,258,4.0,20
NA1,PC2,0.4,0.023291105728283162,258,4.0,20
NA1,PC2,0.5,0.023419187433855973,258,4.0,20
NA1,PC2,0.6000000000000001,0.023576158704157572,258,4.0,20
NA1,PC2,0.7000000000000001,0.02376183121700943,258,4.0,20
NA1,PC2,0.8,0.023975882301857637,258,4.0,20
NA1,PC2,0.9,0.024217851540842356,258,4.0,20
NA1,PC2,1.0,0.02448713837546414,258,4.0,20
NA1,PC2,1.1,0.024783000836208217,258,4.0,20
NA1,PC2,1.2000000000000002,0.025104555498840723,258,4.0,20
NA1,PC2,1.3,0.025450778754171968,258,4.0,20
NA1,PC2,1.4000000000000001,0.0258205094582894,258,4.0,20
NA1,PC2,1.5,0.026212453008098744,258,4.0,20
NA1,PC2,1.6,0.026625186863067918,258,4.0,20
NA1,PC2,1.7000000000000002,0.027057167509014494,258,4.0,20
NA1,PC2,1.8,0.02750673883433163,258,4.0,20
NA1,PC2,1.9000000000000001,0.02797214186395927,258,4.0,20
NA1,PC2,2.0,0.028451525772420036,258,4.0,20
NA1,PC2,2.1,0.028942960075064004,258,4.0,20
NA1,PC2,2.2,0.029444447876949015,258,4.0,20
NA1,PC2,2.3000000000000003,0.029953940042072493,258,4.0,20
NA1,PC2,2.4000000000000004,0.03046935013239491,258,4.0,20
NA1,PC2,2.5,0.030988569956536528,258,4.0,20
NA1,PC2,2.6,0.03150948556231295,258,4.0,20
NA1,PC2,2.7,0.03202999350535902,258,4.0,20
NA1,PC2,2.8000000000000003,0.03254801722776942,258,4.0,20
NA1,PC2,2.9000000000000004,0.03306152338559908,258,4.0,20
NA1,PC2,3.0,0.03356853797172445,258,4.0,20
NA1,PC2,3.1,0.03406716209036876,258,4.0,20
NA1,PC2,3.2,0.03455558725087019,258,4.0,20
NA1,PC2,3.3000000000000003,0.03503211006031492,258,4.0,20
NA1,PC2,3.4000000000000004,0.03549514620676819,258,4.0,20
NA1,PC2,3.5,0.03594324363636609,258,4.0,20
NA1,PC2,3.6,0.036375094837908725,258,4.0,20
NA1,PC2,3.7,0.036789548157378296,258,4.0,20
NA1,PC2,3.8000000000000003,0.037185618071687465,258,4.0,20
NA1,PC2,3.9000000000000004,0.03756249435580823,258,4.0,20
NA1,PC2,4.0,0.03791955008027054,258,4.0,20
NA1,PC2,4.1000000000000005,0.03825634837705793,258,4.0,20
NA1,PC2,4.2,0.038572647911525086,258,4.0,20
NA1,PC2,4.3,0.038868406996619524,258,4.0,20
NA1,PC2,4.4,0.03914378628400993,258,4.0,20
NA1,PC2,4.5,0.039399149965387494,258,4.0,20
NA1,PC2,4.6000000000000005,0.03963506541691654,258,4.0,20
NA1,PC2,4.7,0.039852301221263715,258,4.0,20
NA1,PC2,4.800000000000001,0.04005182350546717,258,4.0,20
NA1,PC2,4.9,0.04023479053966154,258,4.0,20
NA1,PC2,5.0,0.0404025455517617,258,4.0,20
NA1,PC2,5.1000000000000005,0.04055660772687997,258,4.0,20
NA1,PC2,5.2,0.04069866137758065,258,4.0,20
NA1,PC2,5.300000000000001,0.04083054329194492,258,4.0,20
NA1,PC2,5.4,0.040954228290519624,258,4.0,20
NA1,PC2,5.5,0.04107181305006771,258,4.0,20
NA1,PC2,5.6000000000000005,0.04118549828097155,258,4.0,20
NA1,PC2,5.7,0.041297569375375064,258,4.0,20
NA1,PC2,5.800000000000001,0.04141037567379278,258,4.0,20
NA1,PC2,5.9,0.04152630852800199,258,4.0,20
NA1,PC2,6.0,0.041647778366585224,258,4.0,20
NA1,PC2,6.1000000000000005,0.04177719099552904,258,4.0,20
NA1,PC2,6.2,0.04191692338889926,258,4.0,20
NA1,PC2,6.300000000000001,0.04206929924297601,258,4.0,20
NA1,PC2,6.4,0.04223656458064481,258,4.0,20
NA1,PC2,6.5,0.04242086370075554,258,4.0,20
NA1,PC2,6.6000000000000005,0.04262421576919965,258,4.0,20
NA1,PC2,6.7,0.0428484923444282,258,4.0,20
NA1,PC2,6.800000000000001,0.04309539612003535,258,4.0,20
NA1,PC2,6.9,0.04336644115105171,258,4.0,20
NA1,PC2,7.0,0.04366293480910338,258,4.0,20
NA1,PC2,7.1000000000000005,0.04398596168512964,258,4.0,20
NA1,PC2,7.2,0.044336369627613136,258,4.0,20
NA1,PC2,7.300000000000001,0.044714758070074655,258,4.0,20
NA1,PC2,7.4,0.045121468764846406,258,4.0,20
NA1,PC2,7.5,0.04555657900185775,258,4.0,20
NA1,PC2,7.6000000000000005,0.046019897352386596,258,4.0,20
NA1,PC2,7.7,0.04651096193950009,258,4.0,20
NA1,PC2,7.800000000000001,0.047029041200261266,258,4.0,20
NA1,PC2,7.9,0.04757313707069479,258,4.0,20
NA1,PC2,8.0,0.048141990493877435,258,4.0,20
NA1,PC2,8.1,0.04873408912513165,258,4.0,20
NA1,PC2,8.200000000000001,0.049347677086787556,258,4.0,20
NA1,PC2,8.3,0.04998076660881335,258,4.0,20
NA1,PC2,8.4,0.05063115138107398,258,4.0,20
NA1,PC2,8.5,0.05129642143813897,258,4.0,20
NA1,PC2,8.6,0.0519739793982787,258,4.0,20
NA1,PC2,8.700000000000001,0.05266105788420172,258,4.0,20
NA1,PC2,8.8,0.05335473796361293,258,4.0,20
NA1,PC2,8.9,0.05405196846203142,258,4.0,20
NA1,PC2,9.0,0.054749586017530154,258,4.0,20
NA1,PC2,9.1,0.05544433576603318,258,4.0,20
NA1,PC2,9.200000000000001,0.056132892565299214,258,4.0,20
NA1,PC2,9.3,0.05681188268444496,258,4.0,20
NA1,PC2,9.4,0.05747790590251694,258,4.0,20
NA1,PC2,9.5,0.058127557972957385,258,4.0,20
NA1,PC2,9.600000000000001,0.058757453419696015,258,4.0,20
NA1,PC2,9.700000000000001,0.05936424863406953,258,4.0,20
NA1,PC2,9.8,0.059944665239103204,258,4.0,20
NA1,PC2,9.9,0.06049551367843638,258,4.0,20
NA1,PC2,10.0,0.061013716971226865,258,4.0,20
NA1,PC2,10.100000000000001,0.0614963345519678,258,4.0,20
NA1,PC2,10.200000000000001,0.06194058608591315,258,4.0,20
NA1,PC2,10.3,0.06234387511771594,258,4.0,20
NA1,PC2,10.4,0.06270381237427193,258,4.0,20
NA1,PC2,10.5,0.06301823850426926,258,4.0,20
NA1,PC2,10.600000000000001,0.06328524599846136,258,4.0,20
NA1,PC2,10.700000000000001,0.06350319999827153,258,4.0,20
NA1,PC2,10.8,0.06367075766815129,258,4.0,20
NA1,PC2,10.9,0.06378688578129196,258,4.0,20
NA1,PC2,11.0,0.06385087615084696,258,4.0,20
NA1,PC2,11.100000000000001,0.06386235853156491,258,4.0,20
NA1,PC2,11.200000000000001,0.06382131062113686,258,4.0,20
NA1,PC2,11.3,0.06372806480769315,258,4.0,20
NA1,PC2,11.4,0.06358331134033274,258,4.0,20
NA1,PC2,11.5,0.0633880976433734,258,4.0,20
NA1,PC2,11.600000000000001,0.0631438235516558,258,4.0,20
NA1,PC2,11.700000000000001,0.06285223231262367,258,4.0,20
NA1,PC2,11.8,0.06251539727939694,258,4.0,20
NA1,PC2,11.9,0.06213570430551698,258,4.0,20
NA1,PC2,12.0,0.06171582994391803,258,4.0,20
NA1,PC2,12.100000000000001,0.06125871564708568,258,4.0,20
NA1,PC2,12.200000000000001,0.06076753825922138,258,4.0,20
NA1,PC2,12.3,0.06024567718137558,258,4.0,20
NA1,PC2,12.4,0.05969667867383749,258,4.0,20
NA1,PC2,12.5,0.05912421783365496,258,4.0,20
NA1,PC2,12.600000000000001,0.058532058846399115,258,4.0,20
NA1,PC2,12.700000000000001,0.057924014157997764,258,4.0,20
NA1,PC2,12.8,0.05730390324297267,258,4.0,20
NA1,PC2,12.9,0.05667551165863671,258,4.0,20
NA1,PC2,13.0,0.05604255107027603,258,4.0,20
NA1,PC2,13.100000000000001,0.055408620910225276,258,4.0,20
NA1,PC2,13.200000000000001,0.05477717229483514,258,4.0,20
NA1,PC2,13.3,0.05415147476899364,258,4.0,20
NA1,PC2,13.4,0.053534586379977905,258,4.0,20
NA1,PC2,13.5,0.052929327503280804,258,4.0,20
NA1,PC2,13.600000000000001,0.05233825875530477,258,4.0,20
NA1,PC2,13.700000000000001,0.05176366323427876,258,4.0,20
NA1,PC2,13.8,0.05120753323436396,258,4.0,20
NA1,PC2,13.9,0.050671561481584866,258,4.0,20
NA1,PC2,14.0,0.05015713684673433,258,4.0,20
NA1,PC2,14.100000000000001,0.04966534440231624,258,4.0,20
NA1,PC2,14.200000000000001,0.04919696961015532,258,4.0,20
NA1,PC2,14.3,0.04875250635539534,258,4.0,20
NA1,PC2,14.4,0.04833216848267845,258,4.0,20
NA1,PC2,14.5,0.04793590444235281,258,4.0,20
NA1,PC2,14.600000000000001,0.04756341461913972,258,4.0,20
NA1,PC2,14.700000000000001,0.04721417089290346,258,4.0,20
NA1,PC2,14.8,0.04688743797068641,258,4.0,20
NA1,PC2,14.9,0.04658229603029621,258,4.0,20
NA1,PC2,15.0,0.04629766422743284,258,4.0,20
NA1,PC2,15.100000000000001,0.046032324639327306,258,4.0,20
NA1,PC2,15.200000000000001,0.04578494624663814,258,4.0,20
NA1,PC2,15.3,0.04555410859029541,258,4.0,20
NA1,PC2,15.4,0.04533832477941747,258,4.0,20
NA1,PC2,15.5,0.04513606356868413,258,4.0,20
NA1,PC2,15.600000000000001,0.04494577026703801,258,4.0,20
NA1,PC2,15.700000000000001,0.044765886282836634,258,4.0,20
NA1,PC2,15.8,0.04459486715230925,258,4.0,20
NA1,PC2,15.9,0.044431198937309443,258,4.0,20
NA1,PC2,16.0,0.04427341291407397,258,4.0,20
NA1,PC2,16.1,0.044120098506430276,258,4.0,20
NA1,PC2,16.2,0.04396991444433366,258,4.0,20
NA1,PC2,16.3,0.043821598151708996,258,4.0,20
NA1,PC2,16.400000000000002,0.04367397338650162,258,4.0,20
NA1,PC2,16.5,0.04352595617099557,258,4.0,20
NA1,PC2,16.6,0.043376559062383885,258,4.0,20
NA1,PC2,16.7,0.04322489382294886,258,4.0,20
NA1,PC2,16.8,0.04307017255676711,258,4.0,20
NA1,PC2,16.900000000000002,0.04291170738635287,258,4.0,20
NA1,PC2,17.0,0.04274890874881133,258,4.0,20
NA1,PC2,17.1,0.042581282397526836,258,4.0,20
NA1,PC2,17.2,0.042408425202660804,258,4.0,20
NA1,PC2,17.3,0.042230019852124184,258,4.0,20
NA1,PC2,17.400000000000002,0.04204582856436782,258,4.0,20
NA1,PC2,17.5,0.04185568593525066,258,4.0,20
NA1,PC2,17.6,0.041659491053146785,258,4.0,20
NA1,PC2,17.7,0.04145719902889407,258,4.0,20
NA1,PC2,17.8,0.04124881209956029,258,4.0,20
NA1,PC2,17.900000000000002,0.041034370476570464,258,4.0,20
NA1,PC2,18.0,0.04081394311867946,258,4.0,20
NA1,PC2,18.1,0.04058761861773364,258,4.0,20
NA1,PC2,18.2,0.04035549638931273,258,4.0,20
NA1,PC2,18.3,0.04011767836042636,258,4.0,20
NA1,PC2,18.400000000000002,0.039874261341837615,258,4.0,20
NA1,PC2,18.5,0.03962533026285354,258,4.0,20
NA1,PC2,18.6,0.039370952431332915,258,4.0,20
NA1,PC2,18.7,0.039111172961227444,258,4.0,20
NA1,PC2,18.8,0.03884601148446247,258,4.0,20
NA1,PC2,18.900000000000002,0.038575460233904575,258,4.0,20
NA1,PC2,19.0,0.038299483550319084,258,4.0,20
NA1,PC2,19.1,0.038018018829575256,258,4.0,20
NA1,PC2,19.200000000000003,0.037730978888063704,258,4.0,20
NA1,PC2,19.3,0.03743825568563194,258,4.0,20
NA1,PC2,19.400000000000002,0.037139725307670665,258,4.0,20
NA1,PC2,19.5,0.036835254072652104,258,4.0,20
NA1,PC2,19.6,0.03652470559973403,258,4.0,20
NA1,PC2,19.700000000000003,0.036207948644188324,258,4.0,20
NA1,PC2,19.8,0.035884865487400414,258,4.0,20
NA1,PC2,19.900000000000002,0.035555360653813664,258,4.0,20
NA1,PC2,20.0,0.035219369719995376,258,4.0,20
NA1,PC2,20.1,0.03487686798122917,258,4.0,20
NA1,PC2,20.200000000000003,0.03452787874865104,258,4.0,20
NA1,PC2,20.3,0.03417248106460129,258,4.0,20
NA1,PC2,20.400000000000002,0.03381081664494504,258,4.0,20
NA1,PC2,20.5,0.03344309588374914,258,4.0,20
NA1,PC2,20.6,0.03306960278680877,258,4.0,20
NA1,PC2,20.700000000000003,0.032690698734851184,258,4.0,20
NA1,PC2,20.8,0.03230682501344941,258,4.0,20
NA1,PC2,20.900000000000002,0.03191850408335997,258,4.0,20
NA1,PC2,21.0,0.031526339600769594,258,4.0,20
NA1,PC2,21.1,0.031131015230487485,258,4.0,20
NA1,PC2,21.200000000000003,0.030733292325273023,258,4.0,20
NA1,PC2,21.3,0.030334006570241386,258,4.0,20
NA1,PC2,21.400000000000002,0.02993406371186105,258,4.0,20
NA1,PC2,21.5,0.029534434505902575,258,4.0,20
NA1,PC2,21.6,0.02913614902754577,258,4.0,20
NA1,PC2,21.700000000000003,0.028740290489681252,258,4.0,20
NA1,PC2,21.8,0.02834798871249589,258,4.0,20
NA1,PC2,21.900000000000002,0.027960413379180267,258,4.0,20
NA1,PC2,22.0,0.02757876719971834,258,4.0,20
NA1,PC2,22.1,0.02720427908805191,258,4.0,20
NA1,PC2,22.200000000000003,0.02683819743841867,258,4.0,20
NA1,PC2,22.3,0.026481783565369486,258,4.0,20
NA1,PC2,22.400000000000002,0.026136305349935694,258,4.0,20
NA1,PC2,22.5,0.02580303111266638,258,4.0,20
NA1,PC2,22.6,0.025483223713751876,258,4.0,20
NA1,PC2,22.700000000000003,0.025178134862051317,258,4.0,20
NA1,PC2,22.8,0.024888999599265875,258,4.0,20
NA1,PC2,22.900000000000002,0.024617030913317416,258,4.0,20
NA1,PC2,23.0,0.024363414426593236,258,4.0,20
NA1,PC2,23.1,0.024129303100326967,258,4.0,20
NA1,PC2,23.200000000000003,0.02391581189605188,258,4.0,20
NA1,PC2,23.3,0.023724012338674307,258,4.0,20
NA1,PC2,23.400000000000002,0.023554926933016973,258,4.0,20
NA1,PC2,23.5,0.023409523396292348,258,4.0,20
NA1,PC2,23.6,0.023288708682400835,258,4.0,20
NA1,PC2,23.700000000000003,0.02319332278964601,258,4.0,20
NA1,PC2,23.8,0.023124132360799063,258,4.0,20
NA1,PC2,23.900000000000002,0.023081824102777686,258,4.0,20
OC1,PC1,0.0,0.046977774228578364,180,4.0,20
OC1,PC1,0.1,0.046987158708403955,180,4.0,20
OC1,PC1,0.2,0.04699263510262113,180,4.0,20
OC1,PC1,0.30000000000000004,0.046993607457753606,180,4.0,20
OC1,PC1,0.4,0.046989460749252886,180,4.0,20
OC1,PC1,0.5,0.046979572369392,180,4.0,20
OC1,PC1,0.6000000000000001,0.04696332498054737,180,4.0,20
OC1,PC1,0.7000000000000001,0.04694012047240375,180,4.0,20
OC1,PC1,0.8,0.046909394711274775,180,4.0,20
OC1,PC1,0.9,0.04687063272873182,180,4.0,20
OC1,PC1,1.0,0.046823383966706475,180,4.0,20
OC1,PC1,1.1,0.0467672771783721,180,4.0,20
OC1,PC1,1.2000000000000002,0.04670203457912836,180,4.0,20
OC1,PC1,1.3,0.04662748485011988,180,4.0,20
OC1,PC1,1.4000000000000001,0.046543574617618044,180,4.0,20
OC1,PC1,1.5,0.04645037806449836,180,4.0,20
OC1,PC1,1.6,0.04634810437373455,180,4.0,20
OC1,PC1,1.7000000000000002,0.04623710275669212,180,4.0,20
OC1,PC1,1.8,0.046117864879136494,180,4.0,20
OC1,PC1,1.9000000000000001,0.04599102456314083,180,4.0,20
OC1,PC1,2.0,0.04585735471124194,180,4.0,20
OC1,PC1,2.1,0.045717761467971935,180,4.0,20
OC1,PC1,2.2,0.045573275701075715,180,4.0,20
OC1,PC1,2.3000000000000003,0.045425041948252774,180,4.0,20
OC1,PC1,2.4000000000000004,0.045274305033293195,180,4.0,20
OC1,PC1,2.5,0.04512239460645995,180,4.0,20
OC1,PC1,2.6,0.04497070790667066,180,4.0,20
OC1,PC1,2.7,0.04482069107657281,180,4.0,20
OC1,PC1,2.8000000000000003,0.04467381938547052,180,4.0,20
OC1,PC1,2.9000000000000004,0.04453157672908444,180,4.0,20
OC1,PC1,3.0,0.0443954347794782,180,4.0,20
OC1,PC1,3.1,0.044266832153637144,180,4.0,20
OC1,PC1,3.2,0.044147153955865104,180,4.0,20
OC1,PC1,3.3000000000000003,0.044037712028312234,180,4.0,20
OC1,PC1,3.4000000000000004,0.04393972621665935,180,4.0,20
OC1,PC1,3.5,0.04385430692546473,180,4.0,20
OC1,PC1,3.6,0.04378243920119063,180,4.0,20
OC1,PC1,3.7,0.04372496854173514,180,4.0,20
OC1,PC1,3.8000000000000003,0.04368258859064305,180,4.0,20
OC1,PC1,3.9000000000000004,0.04365583083322418,180,4.0,20
OC1,PC1,4.0,0.04364505637164813,180,4.0,20
OC1,PC1,4.1000000000000005,0.04365044981766657,180,4.0,20
OC1,PC1,4.2,0.04367201530576254,180,4.0,20
OC1,PC1,4.3,0.043709574596922554,180,4.0,20
OC1,PC1,4.4,0.043762767214400214,180,4.0,20
OC1,PC1,4.5,0.04383105252817477,180,4.0,20
OC1,PC1,4.6000000000000005,0.043913713684532375,180,4.0,20
OC1,PC1,4.7,0.04400986326140757,180,4.0,20
OC1,PC1,4.800000000000001,0.044118450518766936,180,4.0,20
OC1,PC1,4.9,0.04423827010622753,180,4.0,20
OC1,PC1,5.0,0.04436797208698768,180,4.0,20
OC1,PC1,5.1000000000000005,0.04450607313761707,180,4.0,20
OC1,PC1,5.2,0.04465096878682067,180,4.0,20
OC1,PC1,5.300000000000001,0.044800946562399586,180,4.0,20
OC1,PC1,5.4,0.04495419992366144,180,4.0,20
OC1,PC1,5.5,0.04510884286582435,180,4.0,20
OC1,PC1,5.6000000000000005,0.04526292509282916,180,4.0,20
OC1,PC1,5.7,0.04541444766474136,180,4.0,20
OC1,PC1,5.800000000000001,0.04556137903492596,180,4.0,20
OC1,PC1,5.9,0.04570167139979289,180,4.0,20
OC1,PC1,6.0,0.04583327728958916,180,4.0,20
OC1,PC1,6.1000000000000005,0.045954166331986276,180,4.0,20
OC1,PC1,6.2,0.04606234212072858,180,4.0,20
OC1,PC1,6.300000000000001,0.046155859119137714,180,4.0,20
OC1,PC1,6.4,0.046232839522735485,180,4.0,20
OC1,PC1,6.5,0.046291489996723494,180,4.0,20
OC1,PC1,6.6000000000000005,0.046330118192789815,180,4.0,20
OC1,PC1,6.7,0.04634714893610784,180,4.0,20
OC1,PC1,6.800000000000001,0.046341139958025274,180,4.0,20
OC1,PC1,6.9,0.046310797033535946,180,4.0,20
OC1,PC1,7.0,0.04625498836604396,180,4.0,20
OC1,PC1,7.1000000000000005,0.046172758046131,180,4.0,20
OC1,PC1,7.2,0.046063338397064724,180,4.0,20
OC1,PC1,7.300000000000001,0.04592616100870833,180,4.0,20
OC1,PC1,7.4,0.0457608662543706,180,4.0,20
OC1,PC1,7.5,0.0455673110829678,180,4.0,20
OC1,PC1,7.6000000000000005,0.04534557488254343,180,4.0,20
OC1,PC1,7.7,0.045095963221427886,180,4.0,20
OC1,PC1,7.800000000000001,0.04481900929063449,180,4.0,20
OC1,PC1,7.9,0.04451547289573618,180,4.0,20
OC1,PC1,8.0,0.044186336878424416,180,4.0,20
OC1,PC1,8.1,0.043832800886877736,180,4.0,20
OC1,PC1,8.200000000000001,0.04345627245930723,180,4.0,20
OC1,PC1,8.3,0.04305835543562093,180,4.0,20
OC1,PC1,8.4,0.04264083576678996,180,4.0,20
OC1,PC1,8.5,0.04220566484866985,180,4.0,20
OC1,PC1,8.6,0.041754940564981254,180,4.0,20
OC1,PC1,8.700000000000001,0.0412908862809876,180,4.0,20
OC1,PC1,8.8,0.04081582808314424,180,4.0,20
OC1,PC1,8.9,0.040332170608660144,180,4.0,20
OC1,PC1,9.0,0.03984237185062176,180,4.0,20
OC1,PC1,9.1,0.039348917357362456,180,4.0,20
OC1,PC1,9.200000000000001,0.03885429426765609,180,4.0,20
OC1,PC1,9.3,0.03836096563492672,180,4.0,20
OC1,PC1,9.4,0.03787134549323541,180,4.0,20
OC1,PC1,9.5,0.037387775104994164,180,4.0,20
OC1,PC1,9.600000000000001,0.03691250080527435,180,4.0,20
OC1,PC1,9.700000000000001,0.03644765382079072,180,4.0,20
OC1,PC1,9.8,0.03599523239415453,180,4.0,20
OC1,PC1,9.9,0.03555708648721337,180,4.0,20
OC1,PC1,10.0,0.035134905272991325,180,4.0,20
OC1,PC1,10.100000000000001,0.03473020755596232,180,4.0,20
OC1,PC1,10.200000000000001,0.034344335187383536,180,4.0,20
OC1,PC1,10.3,0.03397844946855667,180,4.0,20
OC1,PC1,10.4,0.033633530462564704,180,4.0,20
OC1,PC1,10.5,0.03331037906657688,180,4.0,20
OC1,PC1,10.600000000000001,0.033009621634386574,180,4.0,20
OC1,PC1,10.700000000000001,0.032731716884374124,180,4.0,20
OC1,PC1,10.8,0.03247696478317786,180,4.0,20
OC1,PC1,10.9,0.0322455170612602,180,4.0,20
OC1,PC1,11.0,0.032037388994106436,180,4.0,20
OC1,PC1,11.100000000000001,0.03185247207239444,180,4.0,20
OC1,PC1,11.200000000000001,0.03169054718609082,180,4.0,20
OC1,PC1,11.3,0.03155129796059634,180,4.0,20
OC1,PC1,11.4,0.03143432390691743,180,4.0,20
OC1,PC1,11.5,0.03133915308115763,180,4.0,20
OC1,PC1,11.600000000000001,0.03126525398987131,180,4.0,20
OC1,PC1,11.700000000000001,0.031212046525236722,180,4.0,20
OC1,PC1,11.8,0.03117891176564769,180,4.0,20
OC1,PC1,11.9,0.031165200531167912,180,4.0,20
OC1,PC1,12.0,0.031170240637301404,180,4.0,20
OC1,PC1,12.100000000000001,0.031193342842735217,180,4.0,20
OC1,PC1,12.200000000000001,0.031233805535275355,180,4.0,20
OC1,PC1,12.3,0.03129091824349956,180,4.0,20
OC1,PC1,12.4,0.03136396409833084,180,4.0,20
OC1,PC1,12.5,0.031452221397744895,180,4.0,20
OC1,PC1,12.600000000000001,0.03155496444845901,180,4.0,20
OC1,PC1,12.700000000000001,0.031671463870367636,180,4.0,20
OC1,PC1,12.8,0.031800986552720185,180,4.0,20
OC1,PC1,12.9,0.03194279544596136,180,4.0,20
OC1,PC1,13.0,0.0320961493604908,180,4.0,20
OC1,PC1,13.100000000000001,0.03226030292435219,180,4.0,20
OC1,PC1,13.200000000000001,0.03243450682727917,180,4.0,20
OC1,PC1,13.3,0.03261800845002853,180,4.0,20
OC1,PC1,13.4,0.03281005294705336,180,4.0,20
OC1,PC1,13.5,0.03300988481887486,180,4.0,20
OC1,PC1,13.600000000000001,0.033216749979529045,180,4.0,20
OC1,PC1,13.700000000000001,0.03342989829560739,180,4.0,20
OC1,PC1,13.8,0.033648586547919086,180,4.0,20
OC1,PC1,13.9,0.03387208174568001,180,4.0,20
OC1,PC1,14.0,0.034099664707112315,180,4.0,20
OC1,PC1,14.100000000000001,0.03433063380984116,180,4.0,20
OC1,PC1,14.200000000000001,0.03456430880961064,180,4.0,20
OC1,PC1,14.3,0.03480003462640399,180,4.0,20
OC1,PC1,14.4,0.035037185002547565,180,4.0,20
OC1,PC1,14.5,0.03527516594705625,180,4.0,20
OC1,PC1,14.600000000000001,0.03551341889338722,180,4.0,20
OC1,PC1,14.700000000000001,0.03575142351282073,180,4.0,20
OC1,PC1,14.8,0.03598870014172081,180,4.0,20
OC1,PC1,14.9,0.03622481179678906,180,4.0,20
OC1,PC1,15.0,0.03645936576703329,180,4.0,20
OC1,PC1,15.100000000000001,0.036692014783595135,180,4.0,20
OC1,PC1,15.200000000000001,0.03692245777808457,180,4.0,20
OC1,PC1,15.3,0.0371504402461732,180,4.0,20
OC1,PC1,15.4,0.03737575423569696,180,4.0,20
OC1,PC1,15.5,0.03759823797750081,180,4.0,20
OC1,PC1,15.600000000000001,0.03781777517309445,180,4.0,20
OC1,PC1,15.700000000000001,0.03803429394651186,180,4.0,20
OC1,PC1,15.8,0.03824776545942918,180,4.0,20
OC1,PC1,15.9,0.038458202179605876,180,4.0,20
OC1,PC1,16.0,0.03866565578417701,180,4.0,20
OC1,PC1,16.1,0.038870214672360515,180,4.0,20
OC1,PC1,16.2,0.03907200105780706,180,4.0,20
OC1,PC1,16.3,0.03927116761002708,180,4.0,20
OC1,PC1,16.400000000000002,0.03946789361778329,180,4.0,20
OC1,PC1,16.5,0.03966238065546863,180,4.0,20
OC1,PC1,16.6,0.03985484774641604,180,4.0,20
OC1,PC1,16.7,0.040045526034582384,180,4.0,20
OC1,PC1,16.8,0.04023465299754629,180,4.0,20
OC1,PC1,16.900000000000002,0.04042246625835662,180,4.0,20
OC1,PC1,17.0,0.04060919708027838,180,4.0,20
OC1,PC1,17.1,0.04079506365548185,180,4.0,20
OC1,PC1,17.2,0.04098026432462906,180,4.0,20
OC1,PC1,17.3,0.04116497088747905,180,4.0,20
OC1,PC1,17.400000000000002,0.04134932218343326,180,4.0,20
OC1,PC1,17.5,0.04153341813387354,180,4.0,20
OC1,PC1,17.6,0.0417173144439236,180,4.0,20
OC1,PC1,17.7,0.041901018158911126,180,4.0,20
OC1,PC1,17.8,0.042084484259720396,180,4.0,20
OC1,PC1,17.900000000000002,0.04226761346123075,180,4.0,20
OC1,PC1,18.0,0.04245025134942362,180,4.0,20
OC1,PC1,18.1,0.042632188956262446,180,4.0,20
OC1,PC1,18.2,0.04281316482830581,180,4.0,20
OC1,PC1,18.3,0.04299286859680521,180,4.0,20
OC1,PC1,18.400000000000002,0.04317094600569143,180,4.0,20
OC1,PC1,18.5,0.04334700530154265,180,4.0,20
OC1,PC1,18.6,0.04352062483865731,180,4.0,20
OC1,PC1,18.7,0.04369136170505414,180,4.0,20
OC1,PC1,18.8,0.043858761133822165,180,4.0,20
OC1,PC1,18.900000000000002,0.04402236643075979,180,4.0,20
OC1,PC1,19.0,0.04418172912537149,180,4.0,20
OC1,PC1,19.1,0.044336419039316725,180,4.0,20
OC1,PC1,19.200000000000003,0.044486033965127555,180,4.0,20
OC1,PC1,19.3,0.04463020865869861,180,4.0,20
OC1,PC1,19.400000000000002,0.04476862287142205,180,4.0,20
OC1,PC1,19.5,0.04490100818106558,180,4.0,20
OC1,PC1,19.6,0.04502715342323864,180,4.0,20
OC1,PC1,19.700000000000003,0.04514690857578004,180,4.0,20
OC1,PC1,19.8,0.04526018700448798,180,4.0,20
OC1,PC1,19.900000000000002,0.04536696603789512,180,4.0,20
OC1,PC1,20.0,0.0454672858987209,180,4.0,20
OC1,PC1,20.1,0.045561247077635765,180,4.0,20
OC1,PC1,20.200000000000003,0.04564900628857395,180,4.0,20
OC1,PC1,20.3,0.045730771191769444,180,4.0,20
OC1,PC1,20.400000000000002,0.04580679410902199,180,4.0,20
OC1,PC1,20.5,0.0458773649838874,180,4.0,20
OC1,PC1,20.6,0.04594280385646601,180,4.0,20
OC1,PC1,20.700000000000003,0.04600345312768657,180,4.0,20
OC1,PC1,20.8,0.04605966988144139,180,4.0,20
OC1,PC1,20.900000000000002,0.04611181851513942,180,4.0,20
OC1,PC1,21.0,0.04616026390122745,180,4.0,20
OC1,PC1,21.1,0.046205365265448405,180,4.0,20
OC1,PC1,21.200000000000003,0.04624747092389865,180,4.0,20
OC1,PC1,21.3,0.046286913972434986,180,4.0,20
OC1,PC1,21.400000000000002,0.04632400897097785,180,4.0,20
OC1,PC1,21.5,0.04635904961414833,180,4.0,20
OC1,PC1,21.6,0.04639230733082943,180,4.0,20
OC1,PC1,21.700000000000003,0.046424030710888346,180,4.0,20
OC1,PC1,21.8,0.04645444561944787,180,4.0,20
OC1,PC1,21.900000000000002,0.04648375582944243,180,4.0,20
OC1,PC1,22.0,0.04651214398305733,180,4.0,20
OC1,PC1,22.1,0.046539772682901645,180,4.0,20
OC1,PC1,22.200000000000003,0.04656678551481598,180,4.0,20
OC1,PC1,22.3,0.04659330781598812,180,4.0,20
OC1,PC1,22.400000000000002,0.046619447023983004,180,4.0,20
OC1,PC1,22.5,0.04664529247337947,180,4.0,20
OC1,PC1,22.6,0.0466709145455181,180,4.0,20
OC1,PC1,22.700000000000003,0.04669636312163266,180,4.0,20
OC1,PC1,22.8,0.04672166533830832,180,4.0,20
OC1,PC1,22.900000000000002,0.04674682269454728,180,4.0,20
OC1,PC1,23.0,0.04677180760938801,180,4.0,20
OC1,PC1,23.1,0.04679655957568581,180,4.0,20
OC1,PC1,23.200000000000003,0.0468209810970875,180,4.0,20
OC1,PC1,23.3,0.04684493362938469,180,4.0,20
OC1,PC1,23.400000000000002,0.0468682337725596,180,4.0,20
OC1,PC1,23.5,0.04689064997455343,180,4.0,20
OC1,PC1,23.6,0.04691190001112954,180,4.0,20
OC1,PC1,23.700000000000003,0.04693164949767934,180,4.0,20
OC1,PC1,23.8,0.04694951166843436,180,4.0,20
OC1,PC1,23.900000000000002,0.04696504862681667,180,4.0,20
OC1,PC2,0.0,0.023096764271685225,71,4.0,20
OC1,PC2,0.1,0.023238076790447808,71,4.0,20
OC1,PC2,0.2,0.023378481303926658,71,4.0,20
OC1,PC2,0.30000000000000004,0.023517549005207045,71,4.0,20
OC1,PC2,0.4,0.023654882563920013,71,4.0,20
OC1,PC2,0.5,0.02379013176111582,71,4.0,20
OC1,PC2,0.6000000000000001,0.023923010159502763,71,4.0,20
OC1,PC2,0.7000000000000001,0.024053312235984503,71,4.0,20
OC1,PC2,0.8,0.024180930372532848,71,4.0,20
OC1,PC2,0.9,0.024305871089155013,71,4.0,20
OC1,PC2,1.0,0.02442826990947405,71,4.0,20
OC1,PC2,1.1,0.024548404275077935,71,4.0,20
OC1,PC2,1.2000000000000002,0.02466670396857875,71,4.0,20
OC1,PC2,1.3,0.024783758565990608,71,4.0,20
OC1,PC2,1.4000000000000001,0.02490032151481959,71,4.0,20
OC1,PC2,1.5,0.025017310522958913,71,4.0,20
OC1,PC2,1.6,0.025135804042528333,71,4.0,20
OC1,PC2,1.7000000000000002,0.02525703373933171,71,4.0,20
OC1,PC2,1.8,0.025382372949573212,71,4.0,20
OC1,PC2,1.9000000000000001,0.02551332123770315,71,4.0,20
OC1,PC2,2.0,0.025651485279574667,71,4.0,20
OC1,PC2,2.1,0.02579855640036968,71,4.0,20
OC1,PC2,2.2,0.025956285194041202,71,4.0,20
OC1,PC2,2.3000000000000003,0.026126453737602362,71,4.0,20
OC1,PC2,2.4000000000000004,0.02631084598705887,71,4.0,20
OC1,PC2,2.5,0.026511217000086785,71,4.0,20
OC1,PC2,2.6,0.02672926167207461,71,4.0,20
OC1,PC2,2.7,0.02696658369570182,71,4.0,20
OC1,PC2,2.8000000000000003,0.02722466545912041,71,4.0,20
OC1,PC2,2.9000000000000004,0.027504839583837776,71,4.0,20
OC1,PC2,3.0,0.02780826277086033,71,4.0,20
OC1,PC2,3.1,0.02813589257332542,71,4.0,20
OC1,PC2,3.2,0.028488467646970703,71,4.0,20
OC1,PC2,3.3000000000000003,0.02886649194805023,71,4.0,20
OC1,PC2,3.4000000000000004,0.029270223253790736,71,4.0,20
OC1,PC2,3.5,0.029699666275632215,71,4.0,20
OC1,PC2,3.6,0.030154570523052426,71,4.0,20
OC1,PC2,3.7,0.030634432958710402,71,4.0,20
OC1,PC2,3.8000000000000003,0.031138505367097898,71,4.0,20
OC1,PC2,3.9000000000000004,0.03166580624208244,71,4.0,20
OC1,PC2,4.0,0.03221513688688446,71,4.0,20
OC1,PC2,4.1000000000000005,0.03278510131628625,71,4.0,20
OC1,PC2,4.2,0.03337412945817565,71,4.0,20
OC1,PC2,4.3,0.0339805030725589,71,4.0,20
OC1,PC2,4.4,0.03460238374325157,71,4.0,20
OC1,PC2,4.5,0.03523784225244221,71,4.0,20
OC1,PC2,4.6000000000000005,0.03588488862257168,71,4.0,20
OC1,PC2,4.7,0.03654150210425193,71,4.0,20
OC1,PC2,4.800000000000001,0.03720566040341576,71,4.0,20
OC1,PC2,4.9,0.03787536747505018,71,4.0,20
OC1,PC2,5.0,0.038548679263594995,71,4.0,20
OC1,PC2,5.1000000000000005,0.039223726839640545,71,4.0,20
OC1,PC2,5.2,0.03989873646663197,71,4.0,20
OC1,PC2,5.300000000000001,0.04057204622709817,71,4.0,20
OC1,PC2,5.4,0.041242118942296804,71,4.0,20
OC1,PC2,5.5,0.04190755122866764,71,4.0,20
OC1,PC2,5.6000000000000005,0.04256707864553711,71,4.0,20
OC1,PC2,5.7,0.04321957699754783,71,4.0,20
OC1,PC2,5.800000000000001,0.04386405995886913,71,4.0,20
OC1,PC2,5.9,0.044499673281229,71,4.0,20
OC1,PC2,6.0,0.04512568593144715,71,4.0,20
OC1,PC2,6.1000000000000005,0.04574147857419989,71,4.0,20
OC1,PC2,6.2,0.04634652987055186,71,4.0,20
OC1,PC2,6.300000000000001,0.04694040110132512,71,4.0,20
OC1,PC2,6.4,0.047522719646273005,71,4.0,20
OC1,PC2,6.5,0.048093161855561395,71,4.0,20
OC1,PC2,6.6000000000000005,0.048651435840106734,71,4.0,20
OC1,PC2,6.7,0.04919726468328177,71,4.0,20
OC1,PC2,6.800000000000001,0.049730370540212884,71,4.0,20
OC1,PC2,6.9,0.050250460044514465,71,4.0,20
OC1,PC2,7.0,0.050757211388190754,71,4.0,20
OC1,PC2,7.1000000000000005,0.051250263381006855,71,4.0,20
OC1,PC2,7.2,0.05172920673326094,71,4.0,20
OC1,PC2,7.300000000000001,0.05219357774277982,71,4.0,20
OC1,PC2,7.4,0.052642854505055084,71,4.0,20
OC1,PC2,7.5,0.05307645570634046,71,4.0,20
OC1,PC2,7.6000000000000005,0.05349374200446683,71,4.0,20
OC1,PC2,7.7,0.05389401995191541,71,4.0,20
OC1,PC2,7.800000000000001,0.05427654837074353,71,4.0,20
OC1,PC2,7.9,0.0546405470493296,71,4.0,20
OC1,PC2,8.0,0.05498520759634063,71,4.0,20
OC1,PC2,8.1,0.05530970625731879,71,4.0,20
OC1,PC2,8.200000000000001,0.05561321847318294,71,4.0,20
OC1,PC2,8.3,0.05589493493701598,71,4.0,20
OC1,PC2,8.4,0.05615407888505863,71,4.0,20
OC1,PC2,8.5,0.056389924339253085,71,4.0,20
OC1,PC2,8.6,0.05660181500155154,71,4.0,20
OC1,PC2,8.700000000000001,0.056789183484322665,71,4.0,20
OC1,PC2,8.8,0.05695157054661577,71,4.0,20
OC1,PC2,8.9,0.05708864399310788,71,4.0,20
OC1,PC2,9.0,0.05720021688184854,71,4.0,20
OC1,PC2,9.1,0.05728626467924583,71,4.0,20
OC1,PC2,9.200000000000001,0.05734694099708116,71,4.0,20
OC1,PC2,9.3,0.05738259154778208,71,4.0,20
OC1,PC2,9.4,0.05739376596181617,71,4.0,20
OC1,PC2,9.5,0.05738122712592254,71,4.0,20
OC1,PC2,9.600000000000001,0.05734595772383643,71,4.0,20
OC1,PC2,9.700000000000001,0.05728916369281219,71,4.0,20
OC1,PC2,9.8,0.05721227434992056,71,4.0,20
OC1,PC2,9.9,0.05711693899172693,71,4.0,20
OC1,PC2,10.0,0.057005019829075576,71,4.0,20
OC1,PC2,10.100000000000001,0.056878581184420386,71,4.0,20
OC1,PC2,10.200000000000001,0.05673987495114211,71,4.0,20
OC1,PC2,10.3,0.05659132239088886,71,4.0,20
OC1,PC2,10.4,0.05643549242415029,71,4.0,20
OC1,PC2,10.5,0.056275076648763016,71,4.0,20
OC1,PC2,10.600000000000001,0.056112861398418465,71,4.0,20
OC1,PC2,10.700000000000001,0.05595169722602689,71,4.0,20
OC1,PC2,10.8,0.055794466262559836,71,4.0,20
OC1,PC2,10.9,0.055644047958488395,71,4.0,20
OC1,PC2,11.0,0.05550328376016707,71,4.0,20
OC1,PC2,11.100000000000001,0.05537494130585449,71,4.0,20
OC1,PC2,11.200000000000001,0.05526167874431827,71,4.0,20
OC1,PC2,11.3,0.05516600978244195,71,4.0,20
OC1,PC2,11.4,0.05509027005675906,71,4.0,20
OC1,PC2,11.5,0.055036585397735004,71,4.0,20
OC1,PC2,11.600000000000001,0.05500684251576875,71,4.0,20
OC1,PC2,11.700000000000001,0.05500266258563088,71,4.0,20
OC1,PC2,11.8,0.055025378143141915,71,4.0,20
OC1,PC2,11.9,0.05507601363640648,71,4.0,20
OC1,PC2,12.0,0.05515526989617616,71,4.0,20
OC1,PC2,12.100000000000001,0.05526351270838096,71,4.0,20
OC1,PC2,12.200000000000001,0.05540076558905097,71,4.0,20
OC1,PC2,12.3,0.055566706780190905,71,4.0,20
OC1,PC2,12.4,0.05576067040696763,71,4.0,20
OC1,PC2,12.5,0.05598165166389195,71,4.0,20
OC1,PC2,12.600000000000001,0.05622831583228928,71,4.0,20
OC1,PC2,12.700000000000001,0.056499010874685944,71,4.0,20
OC1,PC2,12.8,0.05679178330483375,71,4.0,20
OC1,PC2,12.9,0.05710439699560882,71,4.0,20
OC1,PC2,13.0,0.05743435456121077,71,4.0,20
OC1,PC2,13.100000000000001,0.05777892093484163,71,4.0,20
OC1,PC2,13.200000000000001,0.05813514875789444,71,4.0,20
OC1,PC2,13.3,0.058499905200861825,71,4.0,20
OC1,PC2,13.4,0.05886989984865069,71,4.0,20
OC1,PC2,13.5,0.05924171330252295,71,4.0,20
OC1,PC2,13.600000000000001,0.059611826176080865,71,4.0,20
OC1,PC2,13.700000000000001,0.05997664819209301,71,4.0,20
OC1,PC2,13.8,0.060332547118986064,71,4.0,20
OC1,PC2,13.9,0.060675877319001016,71,4.0,20
OC1,PC2,14.0,0.061003007712885714,71,4.0,20
OC1,PC2,14.100000000000001,0.061310348997248756,71,4.0,20
OC1,PC2,14.200000000000001,0.06159437997916609,71,4.0,20
OC1,PC2,14.3,0.06185167291735018,71,4.0,20
OC1,PC2,14.4,0.06207891777943333,71,4.0,20
OC1,PC2,14.5,0.0622729453402108,71,4.0,20
OC1,PC2,14.600000000000001,0.06243074905584385,71,4.0,20
OC1,PC2,14.700000000000001,0.06254950565412894,71,4.0,20
OC1,PC2,14.8,0.0626265943813779,71,4.0,20
OC1,PC2,14.9,0.06265961484286528,71,4.0,20
OC1,PC2,15.0,0.06264640336707857,71,4.0,20
OC1,PC2,15.100000000000001,0.06258504781524758,71,4.0,20
OC1,PC2,15.200000000000001,0.06247390074808018,71,4.0,20
OC1,PC2,15.3,0.06231159085263677,71,4.0,20
OC1,PC2,15.4,0.06209703252519921,71,4.0,20
OC1,PC2,15.5,0.06182943350214187,71,4.0,20
OC1,PC2,15.600000000000001,0.06150830043137463,71,4.0,20
OC1,PC2,15.700000000000001,0.06113344228286715,71,4.0,20
OC1,PC2,15.8,0.06070497150877527,71,4.0,20
OC1,PC2,15.9,0.0602233028821315,71,4.0,20
OC1,PC2,16.0,0.05968914996790623,71,4.0,20
OC1,PC2,16.1,0.059103519211080716,71,4.0,20
OC1,PC2,16.2,0.058467701662365784,71,4.0,20
OC1,PC2,16.3,0.05778326240216131,71,4.0,20
OC1,PC2,16.400000000000002,0.05705202776575054,71,4.0,20
OC1,PC2,16.5,0.05627607051577799,71,4.0,20
OC1,PC2,16.6,0.055457693149821935,71,4.0,20
OC1,PC2,16.7,0.05459940956933078,71,4.0,20
OC1,PC2,16.8,0.053703925369383725,71,4.0,20
OC1,PC2,16.900000000000002,0.05277411703488062,71,4.0,20
OC1,PC2,17.0,0.05181301034633786,71,4.0,20
OC1,PC2,17.1,0.05082375830635166,71,4.0,20
OC1,PC2,17.2,0.04980961889530259,71,4.0,20
OC1,PC2,17.3,0.048773932951867605,71,4.0,20
OC1,PC2,17.400000000000002,0.04772010245076454,71,4.0,20
OC1,PC2,17.5,0.046651569417802935,71,4.0,20
OC1,PC2,17.6,0.04557179568219374,71,4.0,20
OC1,PC2,17.7,0.0444842436200478,71,4.0,20
OC1,PC2,17.8,0.043392357993288264,71,4.0,20
OC1,PC2,17.900000000000002,0.042299548937276506,71,4.0,20
OC1,PC2,18.0,0.04120917610085462,71,4.0,20
OC1,PC2,18.1,0.040124533896775734,71,4.0,20
OC1,PC2,18.2,0.03904883778097522,71,4.0,20
OC1,PC2,18.3,0.0379852114478871,71,4.0,20
OC1,PC2,18.400000000000002,0.036936674807678906,71,4.0,20
OC1,PC2,18.5,0.03590613260098323,71,4.0,20
OC1,PC2,18.6,0.034896363508020334,71,4.0,20
OC1,PC2,18.7,0.033910009621868055,71,4.0,20
OC1,PC2,18.8,0.032949566179386186,71,4.0,20
OC1,PC2,18.900000000000002,0.03201737147669018,71,4.0,20
OC1,PC2,19.0,0.031115596937316397,71,4.0,20
OC1,PC2,19.1,0.030246237348112368,71,4.0,20
OC1,PC2,19.200000000000003,0.029411101327873192,71,4.0,20
OC1,PC2,19.3,0.028611802144068166,71,4.0,20
OC1,PC2,19.400000000000002,0.02784974904083758,71,4.0,20
OC1,PC2,19.5,0.027126139284016925,71,4.0,20
OC1,PC2,19.6,0.026441951163701134,71,4.0,20
OC1,PC2,19.700000000000003,0.02579793821955765,71,4.0,20
OC1,PC2,19.8,0.02519462496691579,71,4.0,20
OC1,PC2,19.900000000000002,0.024632304401322913,71,4.0,20
OC1,PC2,20.0,0.024111037545056394,71,4.0,20
OC1,PC2,20.1,0.023630655270938352,71,4.0,20
OC1,PC2,20.200000000000003,0.023190762597273762,71,4.0,20
OC1,PC2,20.3,0.02279074559399009,71,4.0,20
OC1,PC2,20.400000000000002,0.02242978097584318,71,4.0,20
OC1,PC2,20.5,0.022106848386112248,71,4.0,20
OC1,PC2,20.6,0.02182074529619368,71,4.0,20
OC1,PC2,20.700000000000003,0.02157010436587989,71,4.0,20
OC1,PC2,20.8,0.021353413029018196,71,4.0,20
OC1,PC2,20.900000000000002,0.02116903499288771,71,4.0,20
OC1,PC2,21.0,0.021015233270132716,71,4.0,20
OC1,PC2,21.1,0.020890194302370615,71,4.0,20
OC1,PC2,21.200000000000003,0.020792052687251976,71,4.0,20
OC1,PC2,21.3,0.020718915987955458,71,4.0,20
OC1,PC2,21.400000000000002,0.020668889087501315,71,4.0,20
OC1,PC2,21.5,0.020640097550920007,71,4.0,20
OC1,PC2,21.6,0.020630709476635246,71,4.0,20
OC1,PC2,21.700000000000003,0.020638955354174586,71,4.0,20
OC1,PC2,21.8,0.02066314549760644,71,4.0,20
OC1,PC2,21.900000000000002,0.02070168469139866,71,4.0,20
OC1,PC2,22.0,0.0207530837656018,71,4.0,20
OC1,PC2,22.1,0.02081596790778826,71,4.0,20
OC1,PC2,22.200000000000003,0.020889081617028796,71,4.0,20
OC1,PC2,22.3,0.020971290307073634,71,4.0,20
OC1,PC2,22.400000000000002,0.02106157866836649,71,4.0,20
OC1,PC2,22.5,0.021159045998051764,71,4.0,20
OC1,PC2,22.6,0.021262898800319195,71,4.0,20
OC1,PC2,22.700000000000003,0.021372441043050052,71,4.0,20
OC1,PC2,22.8,0.02148706252789664,71,4.0,20
OC1,PC2,22.900000000000002,0.021606225887172408,71,4.0,20
OC1,PC2,23.0,0.02172945276029916,71,4.0,20
OC1,PC2,23.1,0.02185630972366929,71,4.0,20
OC1,PC2,23.200000000000003,0.02198639454987469,71,4.0,20
OC1,PC2,23.3,0.022119323355215686,71,4.0,20
OC1,PC2,23.400000000000002,0.022254719158756566,71,4.0,20
OC1,PC2,23.5,0.022392202323088077,71,4.0,20
OC1,PC2,23.6,0.022531383278110224,71,4.0,20
OC1,PC2,23.700000000000003,0.022671857846798104,71,4.0,20
OC1,PC2,23.8,0.022813205398727908,71,4.0,20
OC1,PC2,23.900000000000002,0.0229549899561329,71,4.0,20
